Name,Buy,Sell,buyPrices,sellPrices
2014 - zodiac year of the horse,N/A,190,N/A,"[160, 200, 170, 200, 200, 200, 200]"
2015 - zodiac year of the goat,N/A,N/A,N/A,N/A
2016 - zodiac year of the monkey,N/A,N/A,N/A,N/A
2017 - zodiac year of the rooster,N/A,N/A,N/A,N/A
2018 - zodiac year of the dog,N/A,281.67,N/A,"[280, 255, 310]"
2019 - zodiac year of the pig,N/A,135.77,N/A,"[140, 120, 150, 140, 140, 140, 140, 140, 140, 140, 125, 140, 110]"
2020 - zodiac year of the rat,N/A,7,N/A,"[12, 2]"
2021 - zodiac year of the ox,N/A,91.27,N/A,"[90, 90, 85, 90, 90, 89, 90, 100, 100, 90, 90]"
absolutely real elephant fish leash,1.62,1.15,"[0.25, 3]","[1, 2, 4, 1, 1, 1, 1, 3, 2, 1, 0.5, 0.5, 1, 0.5, 0.5, 1, 1, 1, 1, 1, 1, 1, 1, 1, 1, 1, 0.5, 1, 1, 1, 1, 4, 1, 1, 2, 1, 1, 1, 1, 0.5, 1, 1, 0.5, 1, 3, 1, 1, 1, 1, 1, 0.5, 1, 2, 1, 0.5, 2, 1, 1, 1, 1, 1, 1, 1, 1, 1, 0.5, 0.5, 1, 0.5, 1, 1, 1, 3, 0.5, 2, 2, 2, 1, 1, 1, 1, 1, 0.5, 1, 1, 3, 1, 1, 1, 1, 1, 1, 2, 1, 1, 1, 1, 2, 1, 1, 1, 1, 1, 1, 1, 0.5, 1, 1, 1, 1, 1, 1, 1]"
alaskan king crab leash,25,25.57,"[25, 25]","[23, 25, 25, 25, 30, 30, 18, 28, 25, 25, 25, 30, 25, 15, 26, 25, 25, 25, 28, 28, 28, 20, 12, 12, 30, 26, 26, 28, 25, 25, 28, 28, 25, 35, 25, 20, 30, 25, 28, 28, 25, 39]"
alpha great white shark leash,1.75,2.7,"[1, 2, 0.5, 5, 1, 1]","[3, 2, 3, 2, 2, 2, 5, 1, 5, 2, 5, 2, 6, 6, 2, 1, 0.5, 3, 7, 2, 1, 3, 6, 2, 1, 1, 2, 1, 1, 3, 2, 4, 1, 1, 3, 4, 3, 7, 1, 3, 2, 5, 5, 1, 2, 2, 2, 2, 4, 6, 3, 1, 3, 1, 1, 3, 2, 2, 3, 7, 1, 1, 4, 2, 2, 3, 2, 2, 1, 1, 1.2, 2, 1, 2, 1, 1, 0.5, 1, 2, 2, 2, 1, 3, 6, 2, 2, 2, 2, 1, 3, 4, 4, 2, 2, 2, 3, 3, 3, 2, 5, 1, 1, 6, 3, 5, 5, 3, 3, 8, 4, 1, 2, 7, 5, 11, 1, 2, 2, 1, 3, 3, 1, 1, 3, 3, 2, 2, 1, 1, 6, 2, 2]"
alpha wolf,86.69,120.55,"[90, 120, 130, 90, 90, 100, 1, 1, 90, 80, 90, 130, 115]","[155, 150, 150, 100, 90, 165, 150, 100, 170, 135, 145, 170, 100, 140, 145, 145, 1, 90, 125, 125, 80, 110, 95, 160, 135, 110, 100, 97, 105, 95, 115, 115, 110]"
axolotl leash,22.2,32.44,"[25, 20, 20, 23, 23]","[40, 60, 33, 50, 35, 33, 23, 25, 25, 20, 26, 33, 25, 33, 33, 25]"
baby bunny,664.8,1487.3,"[30, 29, 30, 3200, 35]","[3400, 4800, 55, 42, 42, 32, 50, 3130, 3130, 40, 3800, 40, 35, 3050, 50, 4350, 45, 44, 46, 3400, 3250, 3020, 48, 41, 40, 46, 52, 3150, 3150, 3150, 34, 35, 50, 32, 5200, 3000, 48, 3150, 50, 50, 32, 47, 32, 3650, 58, 34, 3150, 3235, 3800, 3150]"
balloon bunny,75.17,98.85,"[1, 90, 90, 90, 90, 90]","[90, 90, 110, 90, 120, 120, 85, 120, 75, 90, 85, 120, 90]"
basic dragons,N/A,5,N/A,[5]
bass leash,1,1,[1],[1]
battle gar,1,2,[1],"[1, 1, 5, 2, 2, 2, 1]"
battle mutant fish,71,78,"[70, 70, 70, 75, 70]","[90, 65, 75, 65, 85, 70, 119, 50, 70, 70, 90, 80, 80, 90, 75, 65, 75, 70, 75, 70, 75, 75, 80, 70, 75, 85, 85, 85, 100, 75, 75, 75, 80, 80, 80, 100, 75, 80, 80, 90, 70, 85, 75, 65, 83, 75, 70, 69, 75, 75, 80, 70, 75, 70, 65, 80, 70, 110, 85, 70, 75, 85, 85, 70, 80, 80, 78, 75, 69, 75, 110, 60, 70, 90, 80, 80]"
betty bluetooth doll,65.83,75.25,"[70, 45, 70, 70, 70, 70]","[80, 80, 78, 85, 70, 80, 80, 70, 80, 70, 65, 65]"
black cat leash,29.85,31.42,"[30, 20, 30, 40, 20, 20, 35, 35, 23, 40, 40, 35, 20]","[40, 25, 75, 45, 45, 20, 50, 30, 25, 40, 30, 27, 45, 40, 35, 42, 45, 45, 35, 28, 28, 30, 40, 45, 45, 25, 2, 40, 9, 35, 35, 25, 20, 30, 20, 20, 25, 45, 45, 40, 30, 30, 24, 24, 30, 26, 45, 45, 25, 23, 23, 30, 20, 30, 7, 48, 26, 25, 25, 25, 23, 30, 45, 40, 40, 25, 25, 20, 28, 30, 25, 27, 20, 45, 45, 25, 25, 25, 28, 40, 25, 45, 40, 45, 32, 35, 43, 45, 30, 25, 30, 40, 25, 45, 25, 25, 45, 45, 45, 25, 20, 20, 45, 43, 32, 55, 11, 25, 20, 25, 24, 25, 28, 50, 50, 35, 25, 45, 40, 25, 25, 27, 27, 27, 27, 28, 45, 25, 40, 50, 28, 28, 25, 28, 24, 30, 37, 23, 23, 50, 50, 45, 45, 40, 25, 50, 32, 25, 25, 25, 25, 28, 28, 28, 40, 35, 40, 20, 25, 25, 28, 20, 20, 35, 20, 20, 25, 25, 50, 30, 35, 35, 30, 25, 35, 20, 30, 30, 26, 45, 27, 13, 30, 40, 33, 33, 30, 26, 40, 50, 30, 20, 25, 35, 25, 20, 20, 28, 6, 30, 25, 42, 35, 28, 28, 25, 30, 25, 30, 5, 26, 26, 25, 28, 45, 26, 50, 50, 30, 25, 30, 30, 25, 30, 40, 25, 30]"
black crystal dragon,128.5,168.11,"[115, 135, 140, 115, 140, 150, 150, 115, 115, 110]","[210, 200, 200, 190, 200, 145, 205, 200, 135, 210, 210, 180, 210, 125, 210, 210, 160, 145, 130, 200, 130, 130, 150, 150, 125, 200, 150, 125, 120, 120, 120, 135, 135, 135, 135, 200, 150, 140, 160, 200, 200, 150, 200, 180, 180, 150, 210, 200, 205, 210, 120, 130, 210, 210, 130, 155, 130, 180, 135, 150, 210, 155, 150, 150, 210, 200]"
blue floaty balloon,N/A,42.5,N/A,"[45, 40]"
bob the gross blob,136.67,220.18,"[198, 2, 210]","[210, 220, 200, 230, 265, 215, 260, 210, 200, 255, 255, 210, 210, 220, 210, 265, 200, 200, 220, 210, 210, 210, 220, 210, 220, 200, 220, 210]"
bride of reanimator remote,35.29,51.48,"[40, 27, 25, 40, 50, 35, 30]","[55, 35, 65, 45, 65, 60, 60, 35, 48, 40, 45, 65, 60, 45, 30, 50, 65, 38, 50, 40, 40, 60, 70, 40, 100, 30, 35, 30, 65, 50, 55, 100, 50, 60, 35, 35, 20, 50, 50, 50, 65, 35, 100, 60, 50, 35, 55, 50]"
brown pet apatoceratops,N/A,N/A,N/A,N/A
brown pet apatodon,N/A,N/A,N/A,N/A
brown pet apatos rex,N/A,N/A,N/A,N/A
brown pet apatosaurus,N/A,1.89,N/A,"[5, 0.3333333333333333, 0.3333333333333333]"
brown pet pteranodon,N/A,N/A,N/A,N/A
brown pet pteranus rex,N/A,20.78,N/A,"[19, 19, 20, 20, 25, 20, 18, 18, 28]"
brown pet pteratops,N/A,N/A,N/A,N/A
brown pet pterosaurus,N/A,7,N/A,"[8, 10, 7, 3]"
brown pet triceradon,N/A,N/A,N/A,N/A
brown pet triceratops,N/A,8,N/A,"[8, 8, 8, 8, 8, 8, 8, 8, 8, 8, 8, 8, 8, 8, 8, 8]"
brown pet tricerus rex,N/A,N/A,N/A,N/A
brown pet tripatosaurus,N/A,N/A,N/A,N/A
brown pet tyrannosaurus,4,7.5,[4],"[9, 9, 8, 7, 3, 9]"
brown pet tyranodon,N/A,N/A,N/A,N/A
brown pet tyranopatos,N/A,7,N/A,[7]
brown pet tyranotops,N/A,N/A,N/A,N/A
buffalo leash,190.12,277.86,"[200, 210, 6, 6, 180, 240, 320, 300, 260, 4, 250, 250, 300, 210, 300, 6]","[270, 3, 275, 200, 9, 240, 245, 3, 3, 225, 230, 250, 265, 750, 260, 260, 325, 325, 9, 323, 323, 270, 860, 860, 260, 260, 260, 220, 275]"
butterfly leash,1.06,1.95,"[0.5, 1, 1, 1, 1, 2, 1, 1]","[2, 1, 2, 1, 1, 1, 2, 2, 2, 1.4576271186440677, 3, 1, 2, 4, 1, 2, 2, 1, 2, 2, 2, 1, 2, 2, 2, 4, 2, 3, 1, 3, 1, 2, 2, 2, 1, 1, 3, 2, 2, 2, 3, 1.5, 3, 0.75, 1, 1, 1, 1, 1, 2, 2, 2, 3, 2, 2, 2, 1, 1, 3, 3, 2, 3, 2, 2, 3, 1, 2, 2, 1, 2, 2, 1, 3, 2, 1, 2, 2, 3, 3, 2, 3, 1, 2, 0.3333333333333333, 3, 2, 3, 3, 2, 3, 2, 4, 1, 1, 2]"
calf leash,55.5,59.61,"[55, 65, 58, 55, 50, 50]","[80, 78, 70, 50, 2, 50, 60, 65, 65, 55, 75, 65, 70, 70, 3, 65, 75, 75]"
capuchin leash,11.67,14.06,"[10, 10, 15]","[14, 18, 15, 13, 16, 15, 13, 13, 12, 13, 10, 10, 10, 14, 15, 12, 15, 12, 14, 15, 15, 17, 14, 13, 2, 15, 18, 20, 20, 16, 15, 14, 14, 13, 4, 13, 14, 15, 15, 15, 20, 12, 10, 16, 15, 23, 12, 15, 13, 20, 15, 16, 13, 14, 14, 18, 15, 15, 14, 11, 14, 15, 14, 13, 12, 16, 14, 13, 13, 20, 13, 13, 15, 21, 15, 16, 14, 12, 15, 15, 15, 16, 12, 14, 15, 13, 10, 12, 15, 15, 11, 19, 18, 14, 12, 14, 14, 12, 13, 13, 15, 16, 15, 15, 10, 10, 13, 15, 14, 14, 15, 10, 15, 17, 13, 13, 18, 10, 12, 13, 13, 13, 13, 10, 15, 13]"
care pear,2.5,4.99,"[2, 3]","[4, 6, 6, 3, 5, 7, 4, 4, 4, 4, 3, 7, 6, 6, 7, 6, 5, 5, 3, 5, 2, 5, 3, 5, 5, 5, 5, 5, 4, 5, 8, 5, 5, 5, 4, 6, 4, 8, 3, 5, 4, 4, 8, 5, 5, 5, 5, 5, 4, 4, 5, 6, 4, 6, 5, 8, 5, 7, 8, 4, 5, 6, 6, 3, 5, 7, 4, 6, 5, 6, 3, 4, 3, 8, 5, 5, 3, 6, 5, 5, 4, 7, 5, 5, 3, 3, 4, 3, 4, 7]"
catfish leash,1,0.92,[1],"[2, 1, 1, 1, 0.25, 0.25, 0.25, 1, 0.5, 1, 1, 1, 1, 1, 1, 1, 1, 1, 1, 1, 1, 1, 1]"
celestial dragon charm,215,251.87,"[180, 250]","[233, 320, 225, 245, 230, 250, 230, 250, 300, 265, 245, 265, 230, 245, 245]"
chick leash,23,951.72,"[20, 19, 30, 23]","[23, 34, 34, 20, 34, 3600, 19, 3310, 22, 22, 33, 3490, 3490, 22, 40, 2350, 3400, 34, 33, 3700, 22, 34, 36, 40, 22, 34, 40, 34, 35, 22, 40, 3500, 35, 36, 36, 35, 2450, 22, 22, 22, 3600, 3600, 3200, 3200, 29, 38, 36, 36, 20, 3600]"
chimera's call,N/A,37.84,N/A,"[33, 30, 50, 50, 39, 39, 40, 40, 30, 40, 30, 30, 35, 35, 35, 36, 48, 35, 50, 35, 30, 30, 35, 35, 40, 37, 40, 48, 45, 38, 35]"
chipmunk,29,30.17,"[28, 30]","[25, 25, 25, 35, 30, 30, 30, 28, 39, 30, 25, 28, 24, 20, 25, 24, 40, 40, 33, 40, 24, 30, 30, 20, 40, 20, 40, 25, 30, 40, 20, 25, 25, 20, 20, 25, 25, 30, 30, 30, 30, 35, 25, 35, 35, 40, 30, 25, 30, 27, 25, 32, 29, 25, 33, 20, 33, 35, 40, 35, 35, 30, 40, 33, 35, 35, 40, 35, 25, 35, 20, 20, 30, 25, 20, 30, 40, 30, 25, 35, 29, 25, 38, 25, 40, 27, 30, 40, 40, 40, 40, 30, 25, 30, 30, 33, 33, 30, 25, 25]"
claw of growganoth,31.15,45.22,"[40, 30, 30, 35, 40, 25, 30, 30, 25, 30, 30, 30, 30]","[25, 50, 45, 70, 50, 40, 50, 40, 40, 40, 50, 50, 45, 50, 30, 40, 40, 40, 50, 50, 45, 70, 50, 30, 30, 37, 50, 50, 50, 50, 35, 50, 35, 50, 35, 30, 50, 60, 40, 40, 40, 40, 35, 35, 55, 40, 45, 30, 40, 30, 45, 50, 70, 40, 40, 45, 45, 55, 70, 70, 80, 40, 50, 40, 55, 30, 40, 38]"
clockwork fish leash,N/A,11.6,N/A,"[10, 10, 10, 5, 23]"
cloud rabbit,82.62,91.29,"[80, 70, 70, 65, 70, 70, 70, 100, 100, 80, 70, 80, 70, 70, 90, 100, 100, 100, 140, 70, 70]","[70, 85, 70, 80, 120, 80, 75, 100, 100, 90, 80, 95, 140, 100, 90, 85, 80, 120, 90, 100, 100, 90, 120, 100, 90, 90, 100, 100, 150, 85, 100, 80, 100, 110, 85, 120, 90, 100, 115, 120, 80, 90, 85, 85, 100, 100, 90, 75, 75, 90, 105, 100, 90, 90, 90, 90, 75, 90, 90, 85, 85, 10, 100, 100, 80, 80, 70, 85, 82, 82, 90, 80, 75, 80, 75, 95, 85, 95, 90, 75, 80, 150, 90, 85, 85, 90, 120, 90, 80, 80, 82, 90, 80, 75, 85, 85, 140, 80, 80, 75, 80, 90, 80, 80, 95, 95, 85, 80, 120, 80, 89, 70, 120, 80, 110, 80, 120, 125, 90, 75, 85, 95, 120, 75, 65, 85, 100, 90, 65, 90, 85, 100, 85, 94, 130, 90, 120, 73, 100, 90, 85, 75, 85, 160, 85, 80, 70, 80, 85, 85, 80, 70, 90, 90, 85, 85, 70, 70, 90, 140, 100, 100, 80, 95, 80, 110, 90, 85, 90, 80, 90, 80, 95, 80, 90, 90, 80, 80, 65, 80, 120, 75, 120, 80, 175, 90, 90, 80, 100, 85, 80, 75, 80, 95, 90, 120, 150, 90, 80, 85, 100, 85, 90, 90, 95, 80, 80, 130, 115, 85, 100, 90, 90, 85, 75, 100, 100, 70, 85]"
cosmic unicorn bracelet,N/A,956.25,N/A,"[34, 1880, 1880, 31]"
crawdad leash,N/A,3.9,N/A,"[4, 4, 4, 4, 4, 4, 4, 3, 4, 4]"
cuddly piranha,1250,1303.46,[1250],"[1350, 1300, 1150, 1500, 1140, 1490, 1320, 1295, 1320, 1075, 1280, 1250, 1260, 1250, 1250, 1300, 1250, 1400, 1490, 1385, 1385, 1100, 1350, 1350, 1350, 1300]"
cupid leash,2,3.26,[2],"[5, 3, 4, 2, 5, 5, 5, 1, 2, 3, 4, 3, 4, 2, 4, 3, 3, 2, 2]"
cute mutant boogle,N/A,143.29,N/A,"[160, 160, 170, 2, 2, 190, 185, 185, 140, 180, 180, 180, 7, 190, 190, 150, 165]"
cute mutant plonky,N/A,195.62,N/A,"[220, 180, 210, 200, 180, 210, 180, 210, 210, 150, 210, 200, 200, 210, 150, 210]"
cute mutant wonky,8,15.46,[8],"[10, 15, 15, 15, 13, 15, 20, 16, 12, 20, 13, 15, 15, 2, 15, 15, 12, 15, 15, 13, 20, 15, 15, 15, 10, 15, 17, 20, 10, 14, 15, 20, 14, 30, 30]"
cuttlefish leash,0.33,1.15,"[0.3333333333333333, 0.3333333333333333, 0.3333333333333333]","[1, 2, 1, 1, 1, 1, 2, 0.5, 0.5, 1, 2, 1, 3, 0.5, 1, 0.5, 0.5, 1, 1, 1, 2, 1, 2, 1, 1, 1, 1, 1, 1, 1]"
dark fairy pendant,20.08,22.71,"[26, 33, 22, 15, 15, 16, 22, 25, 15, 15, 22, 13, 22]","[20, 18, 25, 18, 18, 25, 20, 20, 20, 18, 25, 20, 25, 25, 20, 15, 30, 22, 18, 20, 14, 23, 45, 20, 20, 20, 20, 25, 19, 30, 20, 5, 20, 25, 20, 21, 21, 25, 30, 22, 20, 25, 26, 18, 20, 22, 22, 22, 18, 40, 25, 20, 18, 25, 35, 20, 17, 18, 15, 15, 25, 25, 20, 22, 18, 25, 20, 28, 25, 20, 25, 19, 25, 22, 28, 28, 20, 17, 20, 30, 20, 20, 30, 20, 18, 20, 33, 20, 17, 20, 21, 15, 25, 18, 18, 25, 25, 24, 28, 25, 25, 20, 20, 18, 25, 28, 28, 25, 32, 17, 17, 20, 20, 20, 20, 30, 28, 25, 28, 25, 35, 25, 20, 25, 30, 22, 33, 33, 18, 21, 20, 27, 30, 30, 21, 18, 25, 20, 20]"
death's scarf,N/A,35.72,N/A,"[27, 65, 67, 30, 47, 47, 28, 28, 0.025, 27, 30, 30, 47, 27]"
demon angler leash,N/A,5.49,N/A,"[4, 5, 13, 5, 4, 5, 6, 9, 5, 5, 2, 5, 5, 3, 3, 3, 3, 5, 5, 5, 13, 3, 5, 5, 4, 5, 5, 5, 5, 5, 3, 5, 3, 13, 13]"
demon control cap,240,260,[240],"[375, 250, 240, 250, 205, 240, 205, 205, 205, 230, 250, 230, 215, 330, 330, 330, 330]"
diamond dog,145,164.67,"[165, 170, 145, 160, 130, 120, 130, 125, 160]","[135, 175, 200, 200, 200, 135, 135, 170, 175, 175, 135, 170, 170, 200, 160, 160, 170, 140, 130, 145, 180, 135, 135, 190, 130, 130, 140, 150, 150, 140, 160, 190, 170, 170, 130, 190, 190, 160, 125, 178, 180, 180, 165, 175, 180, 160, 160, 150, 180, 180, 190, 170, 130, 165, 185, 170, 180, 170, 180, 175, 175, 200, 170, 125, 175, 175]"
diamond dragon,82.5,88.1,"[83, 82]","[88, 85, 88, 91, 90, 85, 90, 87, 86, 91]"
dogfish leash,1,1.35,[1],"[0.5, 1, 1, 3, 1, 1, 2, 2, 2, 1, 1, 1, 1]"
double-headed angel-devil fish leash,N/A,1,N/A,"[1, 1, 1, 1, 1, 1, 1, 1]"
drabbit's foot,N/A,1319.52,N/A,"[12, 18, 1520, 1400, 1450, 1450, 1450, 1120, 1650, 1600, 1700, 1680, 1600, 1150, 1600, 17, 1600, 1520, 1240, 1700, 1650, 1230, 1070, 1500, 1700, 1350, 1650]"
draconic claw,N/A,720,N/A,"[450, 2050, 490, 470, 900, 500, 450, 450]"
dragon hand,22.28,28.94,"[23, 25, 20, 20, 30, 30, 30, 26, 26, 3, 30, 25, 30, 25, 26, 30, 3, 2, 32, 30, 20, 20, 28, 26, 31, 23, 8, 13, 9, 32, 32, 32, 26, 7, 25, 30, 15, 27, 18, 3]","[27, 33, 27, 33, 28, 35, 30, 30, 30, 35, 35, 25, 33, 33, 22, 26, 30, 24, 25, 25, 29, 25, 26, 33, 28, 33, 31, 27, 26, 33, 25, 27, 33, 25, 25, 35, 25, 25, 25, 28, 25, 25, 24, 29, 25, 33, 33, 33, 33, 28, 25, 33, 25, 25, 25, 33, 30, 35, 25, 30, 30, 33, 33, 25, 25, 20, 26, 25, 27, 32, 32, 26, 33, 25, 33, 35, 25, 32, 32, 35, 25, 25, 25, 30, 26, 33, 27, 33, 35, 25, 24, 26, 35, 28, 38, 34, 35, 28, 28, 33, 34, 33, 34, 28, 25, 33, 26, 26, 28, 33, 31, 25, 24, 33, 25, 35, 33, 35, 35, 33, 33, 28, 28, 28, 25, 26, 23, 27, 25, 26, 25, 28, 25, 33, 25, 33, 27, 35, 27, 28, 35, 26, 27, 27, 28, 33, 30, 32, 32, 23, 26, 25, 23, 23, 28, 35, 25, 26, 28, 33, 28, 34, 25, 25, 33, 22, 35, 26, 30, 33, 23, 35, 27, 30, 28, 27, 26, 33, 26, 26, 26, 33, 35, 33, 28, 33, 30, 31, 28, 20, 30, 33, 26, 26, 33, 26]"
dragon of legend,N/A,N/A,N/A,N/A
dragon turtle charm,43.62,43.56,"[40, 45, 45, 40, 40, 30, 40, 40, 50, 50, 45, 45, 50, 45, 45, 40, 47, 40, 45, 55, 50, 40, 40, 40]","[50, 50, 35, 40, 40, 45, 50, 40, 40, 50, 45, 45, 40, 40, 45, 45, 35, 40, 45, 40, 40, 45, 50, 50, 45, 30, 45, 45, 45, 50, 45, 45, 50, 40, 50, 45, 50, 45, 40, 40, 43, 45, 45, 40, 35, 50, 42, 42, 45, 40, 40, 45, 40, 40, 40, 50, 45, 35, 40, 45, 43, 45, 45, 45, 45, 45, 40, 40, 55, 35, 50, 50, 40, 50, 40, 50, 40, 45, 45, 40, 45, 45, 38, 38, 50, 50, 40, 45, 40, 45, 40, 40, 40, 45, 45, 45, 35, 45, 45, 50]"
droid pet,2,1.05,[2],"[1, 0.5, 1, 1, 1, 0.5, 1, 0.5, 1, 2, 1, 1, 1, 1, 1, 1, 0.5, 0.5, 0.5, 1, 1, 1, 1, 1, 1, 0.5, 1, 2, 1, 1, 1, 1, 0.5, 1, 1, 1, 2, 1, 1, 1, 1, 1, 1, 1, 1, 1, 1, 1, 2, 0.5, 1, 0.3333333333333333, 1, 1, 1, 1, 2, 1, 2, 1, 1, 1, 1, 1, 1, 2, 0.5, 1, 1, 1, 1, 1, 2, 1, 1, 1, 2, 2, 0.5, 1, 1, 2, 0.5, 1, 1, 1]"
dryad,1.32,2.19,"[1, 1, 1, 1, 1, 1, 2, 1, 1, 1, 1, 2, 3, 2, 1, 1, 1, 2, 1, 1, 2, 1]","[3, 2, 4, 3, 2, 2, 2, 3, 1, 3, 3, 2, 2, 1, 2, 3, 2, 2, 2, 2, 2, 5, 2, 2, 2, 2, 2, 2, 2, 1, 2, 1, 2, 2, 2, 3, 1, 3, 2, 3, 1, 2, 2, 2, 2, 3, 2, 2, 2, 2, 2, 4, 2, 2, 2, 2, 1, 2, 2, 2, 3, 2, 2, 2, 3, 2, 2, 2, 2, 1, 2, 2, 2, 1, 3, 3, 2, 3, 3, 3, 3, 3, 1, 2, 2, 2, 2, 2, 1, 3, 2, 3, 3]"
dungeonist crab leash,N/A,16.34,N/A,"[17, 10, 18, 18, 15, 20, 20, 20, 18, 18, 20, 20, 15, 16, 20, 18, 18, 16, 20, 20, 10, 20, 5, 11, 16, 15, 15, 20, 15, 9, 15, 15]"
electro magnifying glass,N/A,14.36,N/A,"[15, 13, 17, 20, 13, 18, 20, 12, 15, 10, 10, 12, 15, 15, 8, 14, 15, 15, 15, 13, 16, 14, 20, 16, 15, 12, 12, 5, 10, 10, 14, 17, 14, 13, 12, 13, 20, 13, 13, 13, 13, 16, 13, 10, 13, 16, 20, 14, 18, 18, 13, 20, 13, 13, 15, 13, 12, 13, 15, 13, 9, 15, 18, 11, 17, 30]"
emergency dragon claw,3.8,5.25,"[3, 4, 4, 4, 4]","[6, 6, 6, 4, 5, 6, 7, 5, 5, 4, 5, 6, 4, 5, 5, 4, 4, 6, 5, 4, 6, 5, 6, 4, 4, 5, 6, 6, 5, 6, 6, 8, 5, 4, 5, 6, 4, 6, 4, 5, 6, 5, 7, 5, 5, 9, 5, 5, 5, 6, 6, 6, 5, 5, 6, 5, 4, 5, 6, 4, 6, 4, 6, 8, 4, 7, 9, 6, 4, 5, 6, 5, 4, 4, 6, 6, 6, 5, 4, 5, 4, 4, 6, 5, 5, 5, 3, 5, 5, 5, 5, 5, 5, 8, 4, 6, 6, 5, 5, 6, 4, 6, 5, 5, 8, 3, 5, 4, 4, 7, 5, 5, 5, 5, 5, 5, 5, 5, 5, 5, 4, 9, 6, 5, 5, 5, 5, 4, 4, 5, 5, 6, 8, 7, 6, 4, 6, 5, 6, 4, 4, 4, 4, 6, 4, 5, 5]"
ethereal rainbow dragon,9.5,11.83,"[9, 10]","[16, 10, 11, 13, 11, 10]"
euphoric dragon,290,306.55,[290],"[320, 310, 300, 290, 300, 310, 300, 320, 315, 340, 310, 290, 290, 320, 320, 310, 320, 310, 290, 340, 290, 290, 320, 320, 270, 311, 320, 310, 300, 300, 300, 280, 300, 300, 350, 310, 300, 340, 300, 290, 300, 305, 310, 300, 320, 310, 295, 295, 280]"
evil space helmet,N/A,N/A,N/A,N/A
eye of growganoth,N/A,68.38,N/A,"[69, 70, 70, 70, 70, 70, 69, 59]"
fairy,13.12,20.73,"[15, 15, 0.25, 13, 18, 12, 20, 13, 12, 13]","[24, 15, 15, 25, 25, 19, 24, 22, 22, 20, 25, 25, 24, 16, 20, 30, 22, 17, 30, 16, 20, 20, 10, 25, 28, 30, 30, 19, 10, 18, 20, 18, 18, 25, 25, 17, 20, 20, 0.2, 20]"
familiar leash,3,7.22,[3],"[6, 5, 5, 6, 8, 8, 8, 6, 7, 13, 13, 4, 7, 7, 6, 7, 8, 7, 6, 6, 7, 8, 9, 7, 6, 5, 11, 6, 15, 5, 5, 5, 6, 8, 9, 8, 5, 6, 3, 6, 7, 9, 7, 7, 10, 11, 7, 7, 8, 7, 6, 6, 7, 7, 5, 4, 9, 7, 5, 5, 9, 5, 6, 6, 8, 7, 5, 12, 8, 6, 6, 5, 6, 4, 6, 7, 5, 13, 5, 10, 5, 8, 8, 8, 8, 6, 10, 7, 6, 7, 7, 9, 5, 5, 9, 6, 5, 6, 6, 11, 8, 8, 7, 7, 7, 7, 7, 7, 4, 6, 7, 10, 9, 6, 9, 5, 7, 8, 8, 6, 10, 7, 7, 10, 6, 6, 8, 8, 8, 9, 10, 10, 6, 6, 7, 5, 12, 5, 7, 7, 8, 7, 10, 4, 9, 5, 8, 9, 9, 7, 10, 10, 6, 7, 7, 9, 8, 5]"
fc cleats,N/A,5,N/A,"[8, 2]"
fiesta dragon,19.17,35.87,"[30, 28, 3, 25, 2, 27]","[27, 30, 39, 35, 29, 30, 35, 40, 41, 37, 30, 30, 40, 45, 35, 40, 40, 42, 40, 30, 40, 40, 30, 35, 35, 30, 40, 40, 38, 45, 40, 35, 28, 40, 35, 29, 45, 35, 28, 40, 30, 37, 35, 35, 28, 30, 45, 40, 40, 30, 34, 44, 40, 33, 35, 35, 34, 35, 38, 45, 40, 40, 28, 40, 40, 35, 35, 35, 35, 24, 30, 28, 35, 35, 45, 40, 40, 35, 40, 30, 40, 30, 40, 38, 28, 28, 37, 40, 30, 35, 42]"
firefin leash,15,53.15,[15],"[80, 45, 40, 70, 40, 70, 50, 70, 1, 45, 40, 70, 70]"
flowersaurus rex,N/A,9.5,N/A,"[14, 10, 10, 11, 7, 12, 8, 8, 10, 5, 10, 9, 9, 8, 7, 14]"
friendship dragon claw,N/A,25.89,N/A,"[22, 30, 30, 25, 26, 30, 25, 14, 30, 30, 30, 25, 30, 25, 30, 27, 25, 25, 23, 30, 25, 20, 25, 35, 25, 25, 25, 25, 20, 24, 30, 23, 23, 25, 25, 22, 30, 25]"
genie's lamp (disambiguation),N/A,N/A,N/A,N/A
genie's lamp - blue,N/A,N/A,N/A,N/A
genie's lamp - green,N/A,N/A,N/A,N/A
genie's lamp - red,N/A,N/A,N/A,N/A
genie's lamp - yellow,N/A,N/A,N/A,N/A
german shepherd,136.36,268.45,"[300, 200, 50, 120, 120, 100, 120, 140, 115, 40, 4, 450, 40, 110]","[420, 430, 150, 330, 390, 130, 40, 125, 430, 440, 112, 500, 440, 415, 180, 400, 2, 370, 430, 350, 450, 235, 370, 130, 115, 80, 480, 450, 400, 140, 440, 110, 480, 110, 150, 320, 130, 50, 350, 120, 120, 210, 138, 130, 130, 120, 440, 120, 450, 450, 300, 400, 450, 120, 138, 135, 235, 400, 450, 460, 415, 450, 125, 125, 120, 120, 450, 450, 450, 450, 125, 122, 122, 430, 40, 120, 120, 130, 450, 72]"
ghost dragon charm,425,403.73,"[430, 490, 450, 490, 480, 520, 460, 450, 570, 480, 5, 450, 200, 245, 490, 450, 450, 430, 590, 430, 430, 440, 5, 450, 540, 470, 580]","[240, 480, 530, 530, 215, 439, 600, 290, 290, 480, 480, 345, 480, 480, 480, 480, 500, 510, 510, 510, 230, 320, 350, 510, 380, 500, 515, 290, 290, 210, 210, 5, 5, 210, 340, 490, 530, 475, 235, 200, 310, 520, 360, 375, 490, 300, 480, 390, 505, 500, 305, 460, 350, 490, 500, 230, 325, 600, 475, 220, 510, 505, 515, 385, 240, 320, 320, 500, 350, 470, 600, 600, 405, 290, 500, 500, 250, 250, 250, 470, 540, 250, 490, 490, 210, 250, 610, 250, 480, 480, 215, 250, 260, 420, 505, 505, 220, 220, 230, 380, 400, 230, 6, 575, 490, 510, 470, 330, 320, 485, 485, 480, 240, 470, 510, 590, 590, 590, 330, 300, 375, 475, 650, 340, 230, 400, 375, 610, 230, 480, 505, 480, 465, 400, 485, 600, 600, 210, 220, 485, 605, 510, 490, 558, 530, 450, 500, 510, 290, 370, 390, 515, 275, 320, 525, 305, 616, 230, 525, 480, 250, 475, 500, 510, 200, 200, 4, 600, 480, 290, 300, 450, 580, 580, 540, 540, 490, 490, 620, 470, 610, 220, 400, 480, 480, 320, 300, 510, 245, 550, 620, 220, 480, 480, 410, 555, 500, 540, 540, 515, 230, 585, 210, 580, 580, 615, 495, 480, 450, 450, 450, 320, 320, 650, 480, 5, 480, 500, 500, 550, 490, 440, 500, 510, 480, 590, 455, 200, 475, 215, 6, 6, 480, 275, 275, 350, 250, 230, 215, 510, 490, 510, 500, 510, 600, 280, 490, 555, 555, 340, 340, 235, 420, 420, 240, 365, 560, 230, 210, 290, 450, 270, 275, 490, 485, 510, 535, 535, 510, 215, 370, 510, 250, 240, 285, 5, 5, 5, 510, 520, 400, 480, 480, 300, 575, 480, 500, 570, 460, 545, 390, 475, 525, 420, 600, 600, 335, 285, 500, 500, 600, 490, 330, 345, 265, 480, 480, 500, 240, 240, 480, 270, 310, 610, 610, 515, 400, 230, 250, 510, 510, 600, 370, 490, 500, 500, 450, 505, 400, 400, 490, 505, 310, 505, 480, 575, 575, 480, 235, 290, 375, 420, 280, 550, 550, 550, 210, 590, 230, 590, 280, 370, 230, 230, 480, 2, 550, 500, 490, 500, 325, 500, 300, 540, 470, 230, 390, 475, 230, 540, 195, 515, 515, 195, 310, 210, 495, 490, 620, 480, 530, 290, 485, 345, 590, 320, 308, 575, 575, 460, 240, 280, 590, 590, 220, 220, 465, 250, 290, 520, 500, 500, 485, 630, 260, 260, 390, 490, 530, 260, 450, 485, 530, 530, 220, 520, 520, 5, 200, 510, 230, 230, 450, 215, 225, 220, 6, 6, 250, 500, 300, 400, 330, 190, 190, 300, 6, 580, 510, 560, 270, 490, 2, 580, 5, 330, 220, 587, 230, 230, 306, 306, 250, 585, 230, 225, 578, 240, 520, 470, 523, 523, 630, 630, 580, 530, 220, 300, 285, 230, 220, 490, 490, 480, 230, 600, 600, 520]"
ghost wolf monocle,4.33,4.45,"[5, 3, 5, 3, 5, 5]","[4, 5, 3, 5, 5, 5, 5, 5, 3, 4, 5]"
gingerbread man,15,8.67,[15],"[15, 8, 12, 6, 6, 5]"
goat leash,7,8.91,[7],"[7, 8, 8, 8, 11, 7, 9, 8, 9, 7, 7, 9, 9, 7, 10, 7, 8, 8, 9, 10, 9, 9, 9, 10, 7, 7, 8, 11, 10, 9, 8, 10, 10, 8, 11, 7, 10, 15, 10, 8, 11, 9, 8, 8, 7, 8, 10, 5, 8, 10, 9, 8, 12, 11, 11, 10, 9, 10, 11, 11, 6, 10, 8, 10, 10, 10, 10, 10, 10, 10, 8, 7, 8, 8, 8, 7, 7, 10]"
goldfish leash,1,0.88,[1],"[0.5, 1, 1, 1]"
gourmet dragon claw,2.94,4.04,"[3, 1, 4, 2, 2, 2, 3, 2, 5, 3, 4, 3, 3, 4, 3, 4, 2]","[4, 4, 4, 6, 3, 5, 4, 4, 4, 3, 5, 3, 4, 2, 5, 4, 2, 4, 4, 4, 4, 5, 3, 6, 5, 3, 3, 4, 4, 3, 3, 6, 3, 4, 4, 4, 6, 5, 4, 4, 3, 7, 3, 5, 4, 4, 3, 3, 4, 4, 4, 4, 6, 5, 3, 4, 3]"
green dragon mask,N/A,N/A,N/A,N/A
green floaty balloon,37.5,40,"[40, 35]","[40, 40, 40, 40]"
green pet apatoceratops,N/A,N/A,N/A,N/A
green pet apatodon,N/A,10,N/A,[10]
green pet apatos rex,N/A,4,N/A,"[5, 4, 3]"
green pet apatosaurus,N/A,4.2,N/A,"[4, 5, 4, 6, 2]"
green pet pteranodon,4,N/A,[4],N/A
green pet pteranus rex,N/A,67.36,N/A,"[11, 11, 300, 5, 20, 20, 11, 13, 500, 12, 10, 10, 10, 10]"
green pet pteratops,N/A,N/A,N/A,N/A
green pet pterosaurus,N/A,7.33,N/A,"[8, 8, 6]"
green pet triceradon,5,15,[5],"[15, 15]"
green pet triceratops,N/A,4.5,N/A,"[3, 3, 10, 4, 4, 3]"
green pet tricerus rex,N/A,7,N/A,"[6, 8]"
green pet tripatosaurus,N/A,3.56,N/A,"[3, 3, 3, 7, 4, 3, 3, 3, 3]"
green pet tyrannosaurus,N/A,N/A,N/A,N/A
green pet tyranodon,N/A,N/A,N/A,N/A
green pet tyranopatos,N/A,12.29,N/A,"[20, 3, 10, 10, 20, 20, 20, 20, 10, 3, 3, 20, 10, 3]"
green pet tyranotops,N/A,2,N/A,"[2, 2, 2]"
grey pet apatoceratops,N/A,N/A,N/A,N/A
grey pet apatodon,N/A,4.25,N/A,"[8, 2, 5, 2]"
grey pet apatos rex,N/A,3,N/A,[3]
grey pet apatosaurus,N/A,3.43,N/A,"[5, 5, 2, 4, 2, 4, 2]"
grey pet pteranodon,6,N/A,"[6, 6]",N/A
grey pet pteranus rex,N/A,10.93,N/A,"[10, 13, 15, 5, 5, 10, 10, 5, 5, 11, 15, 8, 4, 15, 15, 10, 10, 15, 12, 13, 15, 13, 13, 6, 15, 10, 11, 15, 14, 10]"
grey pet pteratops,N/A,N/A,N/A,N/A
grey pet pterosaurus,N/A,N/A,N/A,N/A
grey pet triceradon,N/A,5,N/A,[5]
grey pet triceratops,20,6.63,[20],"[15, 10, 5, 5, 5, 10, 4, 7, 1, 4, 5, 10, 6, 4, 3, 5, 10, 3, 14]"
grey pet tricerus rex,N/A,4,N/A,[4]
grey pet tripatosaurus,N/A,N/A,N/A,N/A
grey pet tyrannosaurus,N/A,N/A,N/A,N/A
grey pet tyranodon,N/A,3,N/A,[3]
grey pet tyranopatos,N/A,3.62,N/A,"[6, 3, 2, 3, 2, 4, 4, 4, 2, 4, 6, 2, 5]"
grey pet tyranotops,N/A,N/A,N/A,N/A
growtronic food replicator,N/A,597.29,N/A,"[550, 7, 800, 5, 780, 600, 750, 750, 800, 520, 850, 600, 750, 600]"
grumpy pet pineapple,N/A,144.25,N/A,"[130, 150, 160, 160, 135, 170, 150, 130, 130, 150, 150, 100, 140, 130, 145, 178]"
haunted pants,N/A,3,N/A,"[3, 3, 5, 5, 1, 3, 4, 3, 3, 2, 2, 4, 2, 2, 4, 3, 2]"
haunted synthoid,9,10.94,[9],"[10, 13, 13, 13, 10, 9, 9, 10, 7, 10, 10, 15, 12, 10, 9, 13, 13]"
hermit crab leash,15,32.83,[15],"[23, 25, 59, 29, 30, 26, 25, 20, 40, 40, 39, 30, 60, 30, 40, 30, 30, 15]"
hilarious honker,10.75,15.09,"[11, 11, 11, 10]","[18, 18, 15, 8, 15, 13, 14, 17, 17, 10, 10, 10, 18, 18, 16, 15, 15, 18, 10, 15, 16, 11, 12, 11, 16, 16, 16, 15, 30, 25, 17, 11, 15, 20, 10, 25, 12, 11, 13, 17, 16, 18, 15, 12, 8, 16, 11, 12, 17, 14, 14, 20, 18, 15]"
home made butter lamb,240,284.06,[240],"[270, 270, 270, 280, 350, 285, 285, 260, 240, 285, 285, 285, 340, 270, 270, 300]"
hotpants,N/A,5,N/A,[5]
hovernator drone - black,N/A,N/A,N/A,N/A
hovernator drone - golden,N/A,N/A,N/A,N/A
hovernator drone - red,N/A,N/A,N/A,N/A
hovernator drone - white,N/A,2,N/A,[2]
huginn and muninn - odin's ravens,N/A,N/A,N/A,N/A
ice calf leash,1.86,2.53,"[2, 2, 3, 1, 3, 1, 1]","[3, 3, 2, 1, 3, 3, 3, 2, 2, 2, 3, 3, 3, 3, 3, 4, 2, 2, 2, 2, 3, 3, 2, 2, 2, 3, 2, 2, 3, 2, 3, 3]"
ice dragon hand,54.33,99.63,"[80, 3, 80]","[75, 1, 80, 120, 120, 110, 105, 75, 110, 105, 105, 130, 90, 120, 120, 120, 130, 85, 110, 90, 90, 50, 130, 80, 120, 90, 130, 130, 120, 120, 130, 130, 95, 110, 80, 85, 3, 3, 100, 80, 80, 75, 120, 85, 110, 85, 110, 125, 125, 120, 79, 105, 120, 90, 125, 120, 95, 95, 83, 75, 100, 95, 130, 85, 95, 90, 110, 130, 110, 135, 115, 130, 80, 110, 130, 120, 90, 75, 120, 120, 80, 50, 85, 85, 85, 90, 120, 85, 85, 120, 130, 82]"
irish wolfhound,9.33,10.91,"[8, 10, 8, 10, 10, 10]","[11, 13, 15, 15, 12, 13, 13, 15, 2, 15, 10, 8, 3, 11, 10, 13, 12, 11, 10, 12, 8, 10, 8, 10, 10, 8, 15, 15, 8, 12, 9, 8, 16, 10]"
jackbowe's koala,230,234.62,[230],"[210, 230, 220, 220, 220, 220, 220, 180, 220, 270, 230, 220, 220, 300, 210, 250, 235, 285, 285, 230, 200, 220, 220, 335, 240, 210]"
jin chan leash,N/A,2.61,N/A,"[4, 2, 5, 3, 5, 3, 5, 3, 2, 2, 1, 2, 2, 2, 3, 3, 3, 3, 2, 0.5, 2, 2, 3, 2, 3, 2, 1, 3, 3, 2, 3, 2, 2, 3, 3, 3, 2]"
king of hearts,27.5,19.11,"[30, 30, 30, 30, 30, 15]","[18, 22, 17, 20, 20, 17, 22, 22, 20, 20, 25, 22, 20, 20, 20, 10, 15, 20, 18, 25, 15, 18, 17, 15, 20, 15, 16, 20, 25, 21, 18, 20, 21, 30, 15, 25, 18, 20, 16, 10, 10, 30, 15, 8, 15, 22, 30]"
kite,N/A,19.38,N/A,"[21, 21, 30, 25, 3, 3, 2, 35, 20, 20, 18, 22, 25, 15, 20, 18, 20, 25, 21, 21, 22]"
koi fish leash,N/A,19.71,N/A,"[15, 15, 42, 35, 10, 10, 3, 2, 35, 10, 20, 15, 10, 10, 8, 10, 3, 10, 8, 35, 35, 2, 35, 45, 15, 35, 8, 10, 10, 10, 35, 30, 15, 35, 8, 10, 45, 8, 10, 35, 8, 35, 35, 20, 10, 32, 8, 45, 10, 45, 15, 45, 4, 7, 10, 15, 10, 10, 45, 8, 15, 35, 10, 45, 10, 15, 8, 8, 8, 35, 20, 35, 15, 43, 10, 35, 15, 8, 15, 8, 15, 8, 45, 15, 10, 35, 35]"
ladybug leaf,N/A,2.09,N/A,"[3, 2, 2, 1, 2, 1, 2, 1, 5, 0.5, 1, 2, 2, 2, 5, 5, 2, 2, 2, 2, 2, 2, 1, 1, 3, 4, 1, 1, 2, 2, 2, 2, 1, 1, 2, 5, 1]"
leashed silkworm - aqua,29,35,[29],[35]
leashed silkworm - black,30,28.88,[30],"[28, 32, 28, 30, 30, 28, 28, 28, 28, 28, 29, 31, 29, 29, 29, 28, 29, 28, 30, 28, 27, 30, 30, 28]"
leashed silkworm - blue,N/A,N/A,N/A,N/A
leashed silkworm - green,N/A,31,N/A,"[33, 30, 30]"
leashed silkworm - grey,29.33,29,"[26, 30, 32]","[31, 25, 32, 30, 30, 28, 28, 28, 29, 31, 29, 29, 28, 28, 28, 29, 32, 28, 28, 28, 30]"
leashed silkworm - purple,N/A,29.57,N/A,"[28, 30, 30, 29, 30, 30, 30]"
leashed silkworm - red,30,29.29,[30],"[28, 30, 30, 29, 29, 29, 30]"
leashed silkworm - white,N/A,28.46,N/A,"[28, 28, 30, 28, 30, 28, 28, 28, 28, 30, 29, 25, 30]"
leashed silkworm - yellow,N/A,25.33,N/A,"[25, 25, 28, 20, 29, 25]"
legendary owl,N/A,N/A,N/A,N/A
lil' sheepers,415.38,543.52,"[520, 5, 550, 450, 540, 500, 460, 540, 5, 460, 470, 450, 450]","[600, 525, 550, 550, 550, 600, 490, 600, 520, 520, 550, 565, 550, 530, 580, 550, 515, 520, 550, 530, 570, 500, 530, 560, 525, 500, 570, 520, 580, 560, 500, 540, 600, 580, 550, 560, 570, 560, 550, 550, 540, 560, 560, 560, 525, 575, 525, 600, 560, 560, 600, 480, 530, 530, 560, 600, 550, 520, 550, 540, 540, 570, 420, 420, 545, 580, 550, 510, 560, 500, 550, 550, 480, 540, 525, 570, 600, 550, 550, 530, 530, 500, 530, 510, 600, 570, 570, 580, 580, 480, 570, 525, 530, 570, 550, 530, 600, 530, 580, 540, 520, 480, 560, 500, 500, 530, 525, 525]"
lion taming whip,6.88,9.47,"[8, 8, 11, 5, 10, 5, 8, 10, 5, 5, 10, 1, 4, 11, 5, 4]","[2, 20, 20, 5, 8, 8, 20, 8, 5, 5, 10, 18, 15, 15, 4, 4, 15, 5, 20, 10, 5, 10, 10, 2, 8, 4, 6, 17, 5, 4, 7, 8]"
living dead remote,212.86,243.33,"[210, 220, 220, 180, 240, 180, 240]","[300, 220, 260, 240, 275, 275, 200, 200, 220]"
lobster leash,N/A,16,N/A,"[13, 15, 18, 18, 15, 17]"
lovebird pendant,1,2.81,[1],"[3, 3, 3, 1, 2, 2, 3, 2, 2, 3, 4, 2, 2, 3, 3, 3, 2, 3, 3, 3, 3, 3, 4, 2, 2, 2, 4, 2, 3, 3, 2, 2, 4, 3, 2, 3, 2, 4, 2, 2, 3, 3, 3, 2, 3, 2, 3, 4, 2, 2, 2, 3, 3, 3, 3, 1, 2, 4, 3, 3, 3, 2, 2, 4, 4, 3, 2, 2, 2, 2, 4, 3, 4, 3, 5, 4, 3, 4, 3, 4, 2, 3, 3, 4, 2, 4, 3, 3, 3]"
lucky pendant,48,N/A,[48],N/A
magic reindeer bell,650,616.25,"[750, 550]","[530, 550, 550, 700, 700, 650, 700, 550]"
magical carrot,19.38,N/A,"[18, 18, 18, 23, 20, 22, 19, 17]",N/A
magnifying glass,14,19.54,"[2, 20, 20]","[15, 3, 3, 17, 3, 25, 15, 30, 7, 7, 7, 7, 3, 3, 12, 20, 25, 20, 14, 15, 20, 25, 31, 25, 20, 15, 25, 15, 3, 25, 30, 23, 10, 10, 25, 25, 15, 25, 12, 4, 35, 14, 23, 25, 30, 20, 15, 25, 20, 45, 20, 20, 25, 20, 14, 30, 16, 20, 20, 10, 13, 35, 25, 30, 30, 13, 25, 29, 13, 18, 25, 20, 13, 29, 30, 18, 25, 25, 25, 30, 25, 20, 25]"
mahi mahi leash,N/A,N/A,N/A,N/A
maidmare,0,1.07,[0.002],"[1, 0.5, 2, 1, 0.5, 1, 1, 0.5, 1, 1, 2, 1, 2, 1, 1, 1, 1, 1, 1, 1, 1, 1, 1, 1, 1, 0.5, 0.5, 0.5, 0.3333333333333333, 1, 0.5, 1, 1, 1, 1, 1, 2, 2, 2, 2, 1, 1, 2, 2, 1, 1, 1, 1, 0.5, 1, 1, 1, 1, 1, 1, 1, 1, 1, 1, 0.5, 1, 1, 1, 2, 1, 1, 1, 1, 2, 2, 1, 1, 2, 1, 1, 0.5, 1, 0.5, 1, 0.5, 1, 1, 1, 1, 1, 1, 1, 1, 1, 1, 1, 1, 2, 1, 1, 2, 1, 1, 2, 1, 1, 1, 1, 1, 1, 1, 1, 0.5, 1, 1, 1, 1, 1, 0.5, 1, 1, 1, 0.5, 1]"
man u cleats,N/A,3.67,N/A,"[3, 3, 5]"
marshmallow basket,356.67,495,"[350, 380, 400, 350, 340, 360, 350, 350, 330]","[500, 500, 500, 450, 550, 520, 380, 550, 600, 370, 400, 500, 600, 520, 520, 520, 430, 500]"
mechanical butler,195.83,273.39,"[170, 230, 175, 170, 170, 260]","[280, 150, 270, 310, 260, 300, 300, 290, 290, 285, 290, 275, 170, 170, 280, 275, 350, 285, 285, 265, 280, 280, 290, 290, 280, 270, 285, 300]"
mickeymay leash,298.89,311.91,"[300, 300, 300, 300, 310, 290, 280, 310, 300]","[315, 310, 315, 320, 307, 315, 300, 340, 309, 300, 300, 300, 330, 320, 310, 325, 325, 295, 330, 320, 315, 320, 300, 310, 300, 315, 300, 320, 320, 310, 330, 315, 325, 315, 320, 310, 310, 300, 325, 310, 310, 295, 300, 320, 310, 320, 300, 310, 300, 305, 325, 300, 310, 300, 320, 300, 320, 330, 320, 320, 305, 305, 310, 300, 300, 300, 300, 305, 325, 300, 310, 305, 330, 325, 305, 290, 300, 309, 330, 320, 300, 318, 310, 350, 310, 330, 320, 310, 300, 340, 320, 310, 300, 310, 315, 315, 290, 310, 300, 300, 300]"
mid-pacific owl,17,12.62,"[17, 17]","[30, 6, 10, 8, 25, 9, 6, 17, 8, 6, 10, 20, 7, 10, 10, 20]"
mini growtopian,3.81,4.9,"[1, 4, 4, 4, 5, 3, 3, 4, 4, 4, 2, 2, 3, 4, 5, 5, 5, 5, 5, 2, 3, 3, 5, 3, 5, 4, 5, 5, 3, 4, 3, 3, 4, 3, 4, 3, 3, 3, 4, 4, 5, 4, 6, 3, 4, 5, 3, 6, 3, 3, 5, 5, 5, 4, 3, 1, 5, 5, 2]","[5, 5, 5, 4, 4, 7, 8, 4, 5, 8, 8, 4, 3, 7, 7, 4, 4, 4, 8, 5, 7, 3, 3, 5, 3, 4, 2, 4, 5, 5, 5, 5, 4, 6, 5, 5, 4, 4, 5, 4, 5, 5, 4, 6, 5, 1, 6, 3, 6, 5, 5, 6, 3, 6, 6, 5, 6, 7, 6, 5, 5, 4, 10, 5, 5, 3, 6, 4, 4, 6, 5, 6, 8, 4, 5, 5, 6, 4, 5, 5, 3, 4, 6, 8, 5, 8, 8, 5, 5, 5, 4, 6, 5, 3, 4, 4, 5, 5, 5, 5, 2, 5, 5, 4, 7, 6, 6, 4, 4, 4, 5, 4, 5, 10, 7, 3, 4, 10, 4, 3, 3, 4, 7, 6, 5, 5, 3, 4, 3, 3, 4, 6, 4, 4, 5, 6, 4, 4, 7, 8, 4, 7, 6, 5, 2, 8, 3, 4, 5, 5, 3, 3, 4, 4, 5, 6, 5, 6, 3, 3, 5, 5, 8, 6, 2, 4, 4, 4, 3, 6, 7, 7, 4, 4, 5, 5, 4, 5, 5, 5, 2, 10, 3, 3, 10, 5, 5, 5, 3, 7, 5, 3, 3, 4, 6, 3, 2, 5, 4, 6, 4, 4, 4, 4, 8, 4, 5, 4, 3, 4]"
mini mallard,N/A,808.52,N/A,"[50, 42, 4050, 38, 4040, 40, 4100, 40, 41, 41, 43, 50, 50, 43, 40, 50, 40, 40, 50, 4050, 41]"
mini mammoth leash,15,30.64,[15],"[30, 30, 25, 20, 20, 20, 26, 34, 34, 30, 32, 34, 34, 30, 30, 35, 35, 32, 40, 25, 32, 45, 30, 30, 33]"
mini-peng,N/A,1,N/A,"[1, 1]"
mini-you,N/A,N/A,N/A,N/A
moose cap,3.89,6.83,"[3, 4, 2, 5, 6, 5, 4, 3, 7, 3, 3, 3, 5, 3, 5, 2, 4, 2, 5]","[8, 3, 5, 8, 2, 7, 5, 4, 2, 7, 3, 5, 7, 7, 17, 7, 6, 3, 8, 6, 13, 8, 10, 6, 7, 16, 7, 6, 6, 6]"
mr. narwhal leash,N/A,3.5,N/A,"[3, 3, 3, 6, 5, 5, 4, 3, 3, 4, 3, 5, 3, 3, 3, 3, 3, 4, 5, 3, 3, 1, 3, 3, 3, 5, 3, 3]"
muddy pants,848.57,868.17,"[1050, 950, 950, 1030, 950, 10, 1000]","[11, 12, 1050, 10, 935, 1140, 1180, 1180, 930, 12, 1150, 1140, 900, 1160, 1160, 1150, 1130, 1160, 1140, 11, 1125, 1100, 900, 1150]"
my pet sputnik,N/A,24,N/A,"[18, 20, 30, 27, 22, 27, 25, 20, 25, 25, 25, 20, 25, 25, 25, 25]"
mysterious synthoid,N/A,96.3,N/A,"[100, 105, 100, 85, 105, 88, 100, 80, 80, 120]"
nano nurse bot,390,394.74,"[390, 390]","[330, 330, 410, 460, 420, 380, 335, 470, 350, 350, 420, 475, 400, 400, 400, 400, 350, 420, 400]"
nekorei's fluffy micio,N/A,N/A,N/A,N/A
nightmare magnifying glass,N/A,3.34,N/A,"[3, 3, 4, 4, 4, 5, 3, 3, 3, 3, 3, 3, 3, 3, 4, 3, 3, 5, 2, 5, 4, 4, 3, 3, 3, 3, 3, 2, 3, 3, 3, 3, 4, 3, 2, 4, 5, 2, 3, 2, 3, 3, 3, 3, 5, 4, 4, 2, 3, 2, 4, 4, 5, 3, 4, 4]"
onisim's genie,N/A,400,N/A,"[15, 20, 1550, 15]"
owlbeard,N/A,N/A,N/A,N/A
panda leash,263.91,311.06,"[350, 280, 260, 280, 4, 350, 4, 260, 300, 250, 310, 250, 3, 290, 430, 320, 460, 300, 270, 285, 270, 280]","[325, 295, 500, 265, 315, 280, 310, 355, 360, 360, 300, 350, 280, 320, 280, 270, 280, 290, 325, 275, 280, 310, 280, 320, 300, 290, 330, 310, 320, 430, 325, 320, 290, 280, 290, 320, 295, 350, 280, 290, 300, 300, 290, 320, 280, 305, 280, 295, 300, 320, 310, 450, 275, 260, 290, 290, 275, 295, 285, 500, 265, 300, 275, 280, 460, 260, 260, 320, 275, 330, 280, 240, 350, 275, 255, 290, 275, 280, 270, 320, 320, 275, 330, 320, 270, 500, 315, 280, 280, 310, 300, 300, 280, 450, 300, 300, 280, 450, 285, 280, 450, 300, 275, 275]"
parrot dude,30.56,37.5,"[25, 35, 25, 25, 35, 35, 35, 35, 25]","[40, 35, 50, 50, 35, 40, 30, 33, 25, 40, 30, 30, 65, 30, 25, 35, 40, 34, 50, 75, 30, 35, 40, 35, 38, 27, 35, 35, 35, 38, 35, 40, 25, 35]"
party fowl,20,N/A,[20],N/A
pegasus,64.5,103,"[10, 230, 8, 10]","[25, 170, 9, 170, 0.1, 170, 175, 270, 270, 220, 150, 8, 9, 177, 170, 10, 160, 6, 8, 13, 170, 10, 15, 15, 175]"
penguin leash,10.5,12.49,"[10, 11, 11, 10]","[8, 15, 15, 10, 10, 15, 12, 15, 15, 13, 9, 10, 10, 10, 12, 11, 10, 10, 25, 12, 12, 9, 13, 10, 10, 10, 10, 20, 10, 18, 18, 10, 15, 15, 15, 11, 10, 13, 10, 25, 20, 20, 8, 15, 9, 8, 12, 10, 20, 10, 13, 14, 12, 10, 9, 11, 11, 11, 9, 10, 10, 10, 15, 10, 17, 9, 15, 10]"
perilous pirate ship,70,134.09,[70],"[145, 100, 105, 105, 150, 180, 180, 180, 85, 160, 85]"
personal storm cloud,260,308.64,"[260, 260]","[240, 240, 100, 100, 400, 255, 415, 230, 100, 370, 440, 260, 405, 405, 450, 255, 410, 420, 360, 300, 375, 260]"
pet bunny,22.5,25.39,"[25, 20]","[30, 24, 25, 27, 25, 25, 25, 25, 27, 35, 27, 30, 30, 20, 20, 20, 24, 30, 27, 26, 25, 24, 20, 23, 15, 25, 25, 27, 22, 30, 20, 15, 30, 27, 20, 35, 30, 18, 23, 29, 25, 23, 28, 30, 25, 30, 25, 23, 30, 25, 30, 25, 25, 30, 30, 25, 23, 23, 18]"
pet burrito,2,2.77,"[2, 2, 2]","[4, 3, 2, 3, 3, 3, 3, 3, 3, 2, 2, 3, 3, 1.4, 3, 3, 3, 3, 3, 4, 2, 3, 3, 3, 1, 3, 3, 3, 3, 3, 3, 1.3, 3, 2, 2, 2, 3, 3, 1, 3, 3, 3, 3, 3, 3, 3, 2, 3, 3, 3, 3, 3, 3, 2, 3, 3, 3, 3, 3, 3, 3, 3]"
pet egg,63.33,77.62,"[60, 70, 60]","[60, 75, 90, 70, 80, 70, 75, 70, 70, 67, 75, 75, 100, 110, 75, 80]"
pet fox,756.33,771.98,"[900, 1360, 9]","[1000, 12, 1040, 860, 900, 910, 810, 9, 1050, 1050, 11, 910, 825, 900, 950, 850, 1250, 1300, 980, 9, 865, 915, 1400, 1160, 900, 900, 1200, 1120, 1120, 850, 870, 1120, 10, 13, 800, 1010, 870, 10, 900, 10, 850, 880, 10, 10, 830, 900, 920, 870, 835, 825]"
pet frog,1.06,1.05,"[0.04, 0.5, 0.5, 0.3333333333333333, 2, 3, 3, 2, 0.2, 0.2, 0.5, 1, 0.5]","[0.5, 1, 1, 1, 1, 1, 1, 0.5, 0.5, 1, 1, 1, 0.5, 0.5, 0.25, 1, 1, 1, 1, 0.5, 1, 1, 1, 1, 0.5, 1, 1, 1, 1, 0.5, 1, 1, 0.5, 0.5, 0.5, 1, 2, 0.3333333333333333, 1, 1, 1, 1, 1, 2, 1, 1, 1, 0.5, 2, 1, 1, 1, 2, 1, 1, 2, 1, 1, 1, 1, 1, 1, 0.5, 1, 1, 1, 1, 1, 1, 1, 0.5, 0.5, 1, 1, 0.5, 1, 1, 0.5, 1, 1, 2, 1, 0.5, 1, 1, 1, 1, 0.5, 1, 1, 1, 1, 1, 0.5, 1, 1, 1, 0.5, 0.5, 0.5, 1, 2, 1, 0.5, 0.5, 1, 2, 0.5, 1, 0.5, 2, 2, 2, 2, 2, 1, 1, 2, 1, 1, 2, 1, 1, 0.5, 1, 1, 2, 2, 1, 2, 2, 1, 1, 0.5, 1, 1, 2, 1, 1, 1, 1, 1, 1, 1, 2, 2, 1, 1, 1, 0.5, 1, 1, 1, 2, 0.8333333333333334, 1, 1, 0.5, 1, 2, 1, 1, 0.5, 0.5, 1, 1, 1, 1, 1, 1, 1, 2, 1, 1, 1, 1, 2, 1, 1, 2, 1, 1, 1, 1, 1, 1, 1, 0.5, 1, 0.5, 2, 2, 0.5, 1, 1, 2, 2, 0.5, 0.5, 1, 2, 2, 0.6666666666666666, 1, 1, 1, 1, 0.5, 2, 0.5, 1, 1, 1, 1, 1, 3, 2, 1, 2, 1, 1, 1, 1, 1, 0.5, 1, 1, 1, 2, 0.5, 1, 1, 1, 1, 1, 1, 1, 1, 1, 1, 1, 1, 0.5, 0.5, 1, 2, 1, 1, 1, 1, 1, 1, 1, 1, 4, 0.5, 1, 1, 1, 1, 1, 1, 2, 0.5, 2, 1, 0.3333333333333333, 1, 1, 1, 1, 1, 1, 1, 1, 1, 2, 1, 1, 1, 1, 1, 2, 1, 1, 2, 1, 0.7, 1, 1, 1, 0.5, 0.5, 0.5, 0.25, 2, 0.3333333333333333, 2, 1, 2, 0.5, 1, 0.5, 0.5, 1, 1, 0.5, 1, 1, 0.5, 1, 1, 1, 1, 1, 1, 0.5, 1, 1, 1, 1, 2, 0.5, 1, 1, 0.5, 1, 1, 1, 1, 1, 1, 1, 0.5, 1, 0.25, 0.25, 1, 2, 1, 1, 1, 1, 1, 1, 1, 1, 2, 1, 1, 1, 1, 2, 1, 2, 2, 0.5, 1, 1, 1, 0.5, 1, 1, 1, 1, 1, 1, 1, 1, 1, 1, 1, 1, 1, 0.5, 4, 1, 1, 1, 1, 1, 0.5, 1, 1, 1, 1, 1, 0.2, 2, 1, 1, 1, 1, 0.5, 0.5, 0.3333333333333333, 1, 1, 1, 1, 1, 0.5, 0.5, 0.5, 0.5, 0.5, 1, 0.3333333333333333, 2, 1, 1, 1, 1]"
pet leprechaun,0.88,1.71,"[1, 1, 1, 0.5]","[1, 2, 2, 1, 1, 0.5, 1, 2, 2, 2, 2, 2, 2, 1, 2, 1, 1, 2, 1, 1, 2, 1, 2, 1, 2, 1, 1, 1, 2, 2, 2, 2, 2, 1, 2, 2, 1, 2, 3, 2, 1, 2, 2, 1, 2, 2, 2, 1, 1, 2, 2, 2, 2, 2, 2, 1, 2, 2, 1, 1, 2, 2, 2, 2, 2, 2, 2, 2, 2, 2, 2, 2, 2, 2, 1, 2, 1, 2, 2, 2, 2, 3, 2, 2, 2, 2, 2, 2, 2, 1, 2, 1, 1, 2, 2, 2, 1, 2, 2, 1, 2, 2, 2, 1, 2, 2, 2, 1, 2, 2, 2, 1]"
pet pidgeon,26.6,24.45,"[15, 20, 15, 70, 13]","[17, 14, 40, 40, 15, 15, 35, 17, 15, 30, 13, 17, 25, 25, 25, 14, 20, 20, 50, 50, 12, 20, 15, 20, 15, 15, 15, 20, 43, 12, 17, 17, 18, 18, 60, 13, 20, 9, 20, 13, 15, 15, 80, 30, 50, 17, 17, 17, 9, 17, 30, 19, 15, 17, 15, 15, 85, 10, 18, 15, 20, 18, 17, 13, 30, 65, 35, 20, 16, 18, 17, 20, 15, 28, 16, 20, 45, 20, 20, 13, 40, 80, 15, 10, 20, 20, 14, 12, 25, 25, 12, 19, 20, 30, 14, 80, 25, 30, 20, 16, 12, 13, 15, 14, 15, 50, 50, 30, 70, 45, 15, 15, 40, 13, 20, 30, 10, 30, 16, 15, 14, 14, 19, 15, 12, 15, 20, 20, 20, 15, 78, 15, 15, 30, 1, 15, 20, 90, 0.03333333333333333, 15, 13, 40, 40, 70, 15, 20, 15, 90, 17, 45, 25, 10, 50, 15, 15, 15, 15, 13, 20, 30, 30, 19, 25, 13]"
pet pink crocodile,20.25,931.31,"[20, 20, 20, 21]","[21, 100, 3280, 3600, 75, 75, 2215, 50, 2350, 2350, 95, 100, 26, 26, 22, 120, 2200, 110, 37, 34, 2360, 35, 2700, 34, 36, 36, 29, 29, 3600, 2000, 2495, 2495, 3600, 25, 31, 65, 31, 70, 75, 37, 37, 100, 29, 2300, 3200, 3200, 35, 24, 40]"
pet punching ghost,492.24,584.66,"[810, 900, 400, 700, 9, 550, 500, 850, 5, 820, 255, 500, 500, 500, 840, 550, 4, 500, 600, 540, 4]","[600, 420, 950, 460, 560, 560, 420, 800, 800, 500, 11, 540, 850, 27, 910, 500, 500, 430, 940, 450, 9, 535, 850, 425, 850, 550, 930, 950, 9, 720, 420, 860, 860, 830, 420, 9, 535, 920, 920, 950, 935, 580, 27, 900, 10, 925, 925, 700, 470, 800, 600, 440, 760, 760, 770, 800, 420, 22, 920, 27, 700, 430, 450, 480, 850, 650, 550, 8, 2300, 450, 450, 700, 930, 4, 550, 580, 26, 550, 550, 6, 650, 540, 415, 415, 525, 500, 470, 460, 9, 900, 900, 950, 950, 460, 460, 8, 850, 9, 9, 8, 550, 550, 500, 520, 940, 1400, 945, 760, 430, 430, 450, 450, 450, 450, 630, 570, 930, 910, 910, 830, 560, 560, 550, 550, 850, 7, 12, 380, 580, 650, 650, 650, 550, 550, 550, 950, 450, 700, 905, 420, 800, 860, 720, 450, 450, 900, 540, 430, 900, 550, 550, 550, 555, 555, 510, 560, 11, 10, 415, 520, 970, 450, 580, 980, 530, 13, 550, 570, 2200, 510, 8, 450, 830, 600, 975, 450, 450, 600, 650, 650, 980, 10, 480, 480, 1000, 650, 950, 950, 530, 530, 530, 955, 530, 570, 900, 800, 800, 570, 570, 25, 820, 780, 480, 530, 920, 410, 410, 480, 480, 580, 18, 440, 570]"
pet rock,1,1.52,"[1, 1, 1, 1, 1, 1, 1, 1, 1]","[2, 1, 2, 2, 1, 1, 1, 1, 1, 1, 2, 1, 2, 2, 1, 1, 1, 2, 2, 2, 1, 0.005, 1, 2, 1, 2, 1, 1, 2, 1, 2, 0.01, 1, 2, 3, 1, 1, 2, 2, 2, 2, 2, 3, 2, 2, 1, 2, 1, 2, 2, 2, 1, 1, 0.015151515151515152, 2, 1, 2, 2, 2, 1, 2, 2, 2]"
pet royal guard,47.69,479.26,"[3, 3, 300, 2, 5, 4, 9, 3, 3, 5, 3, 3, 4, 3, 4, 6, 9, 3, 8, 350, 3, 3, 3, 3, 330, 3, 4, 4, 300]","[380, 900, 500, 9, 7, 320, 360, 420, 5, 350, 500, 480, 480, 600, 9, 4, 460, 370, 500, 500, 4, 850, 400, 480, 325, 1250, 450, 450, 500, 500, 500, 500, 600, 600, 600, 5, 675, 6, 7, 8, 750, 500, 1100, 900, 500, 1200, 410, 435, 1750, 700, 15, 500, 500, 500, 500, 500, 450, 18, 900, 690, 690, 550, 380, 400, 450]"
pet slime,18.66,28.53,"[13, 18, 13, 19, 13, 19, 16, 15, 12, 17, 18, 27, 20, 14, 14, 18, 18, 15, 17, 15, 20, 15, 16, 20, 20, 18, 35, 19, 0.045454545454545456, 60, 20, 18, 12, 17, 25, 20, 14, 60, 16, 15, 15, 17, 16, 20, 18, 14, 18, 17, 18, 18, 14, 18, 13, 12, 12, 25, 20, 14, 18, 18, 30, 21]","[20, 20, 23, 18, 23, 19, 13, 21, 70, 65, 65, 20, 20, 19, 65, 20, 20, 20, 20, 25, 20, 65, 3, 20, 70, 20, 80, 20, 17, 17, 55, 55, 19, 20, 27, 75, 60, 20, 80, 22, 20, 17, 65, 19, 19, 27, 60, 23, 20, 75, 20, 20, 20, 20, 20, 20, 19, 16, 19, 65, 18, 18, 20, 19, 3, 18, 18, 20, 14, 30, 30, 21, 28, 17, 50, 50, 14, 20, 18, 18, 23, 20, 65, 65, 27, 25, 25, 20, 20, 23, 19, 15, 70, 25, 70, 20, 16, 23, 20, 20, 27, 70, 19, 80, 20, 27, 75, 16, 18, 20, 20, 20, 20, 65, 80, 20, 19, 75, 21.0, 18, 20, 16, 20, 20, 25, 20, 17, 15, 70, 21, 21, 21, 65, 15, 25, 25, 25, 28, 20, 19, 21, 20, 13, 20, 28, 22, 17, 25, 18, 75, 15, 18, 20, 19, 75, 22, 20, 40, 16, 19, 17, 21, 70, 75, 30, 20, 20, 22, 70, 13, 17, 15, 15, 19, 19, 80, 19, 19, 70, 23, 21, 20, 22, 10, 20, 20, 20, 22, 18, 20, 19, 20, 18, 18, 18, 70, 30, 30, 30, 75, 22, 70, 18, 18, 60, 20, 20, 17, 17, 23, 3, 18, 70, 18, 18, 18, 20, 20, 20, 25, 20, 16, 19, 19, 70, 20, 65, 18, 20, 17, 19, 28, 20, 20, 17, 17, 19, 17, 70, 68, 20, 70, 20, 20, 25, 22, 70, 18, 18, 20, 20, 21, 17, 20, 20, 25, 19, 16, 19, 19, 23, 80, 21, 18, 20, 18, 18, 15, 20, 65, 70, 17, 17, 65, 65, 23, 22, 20, 21, 21, 25, 25, 16, 20, 70, 21, 21, 21, 75, 22, 20, 18, 18, 20, 20, 20, 19, 25, 15, 25, 30, 22, 19, 19, 20, 20, 25, 20, 20, 19, 1, 20, 65, 20, 20, 20, 20, 20, 20, 65, 23, 20, 15, 18, 20, 20, 20, 20, 20, 20, 20, 18, 75, 17, 25, 21, 18, 20, 20, 18, 18, 17, 22, 19, 19, 21, 19, 22, 12, 65, 20, 20, 20, 22, 65, 19, 19, 65, 75, 75, 25, 25, 25, 65, 16, 20, 20, 20, 19, 19, 20, 20, 24, 65, 65, 17, 25, 25, 17, 20, 55, 55, 20, 20, 20, 22, 33, 20, 16, 19, 20, 90, 15, 27, 20, 19, 19, 19, 19, 25, 75, 50, 35, 25, 21, 20, 22, 21, 20, 20, 20, 20, 20, 19, 23, 70, 22, 22, 21, 21, 100]"
pet sock,227.5,261.13,"[250, 210, 190, 260]","[220, 200, 270, 210, 265, 270, 270, 230, 280, 200, 270, 270, 290, 230, 280, 260, 270, 380, 280, 280, 270, 270, 280, 230, 270, 260, 280, 300, 230, 200, 270, 270, 270, 220, 400, 400, 270, 270, 220, 230, 300, 250, 280, 250, 300, 280, 250, 250, 210, 250, 250, 200, 200, 280, 200, 200, 240, 235, 220, 250, 400, 260]"
pet teacup,50,88.55,[50],"[1, 95, 110, 120, 90, 85, 90, 110, 1, 1, 95, 90, 95, 75, 80, 100, 95, 100, 120, 110, 105, 130, 125, 90, 90, 125, 85, 95, 80, 2, 80, 95, 95, 75, 165, 110, 80, 75]"
pet toucan,24,33.31,"[23, 20, 20, 20, 25, 25, 35]","[45, 40, 40, 33, 35, 25, 25, 35, 25, 27, 30, 45, 40, 30, 35, 35, 25, 33, 21, 21, 45, 35, 30, 35, 25, 30, 32, 40, 40, 30, 45, 40, 40, 22, 30, 27, 27, 30, 38, 40, 45, 38, 25, 24, 45, 30, 35, 29, 35, 35, 24, 40, 40, 38, 35, 35, 35, 35, 35, 40, 40, 40, 33, 45, 20, 35, 30, 30, 33, 33, 25, 25, 28, 30, 35, 40, 40, 35, 40, 40, 35, 40, 25, 25, 40, 25, 35, 40, 40, 40, 25, 30, 33, 38, 25, 35, 40, 25, 35, 20, 35, 40, 22, 35, 35, 40, 40, 17, 35, 35, 25, 25, 24, 33, 38]"
pet turtle,10.6,8.34,"[7, 25, 7, 6, 8]","[8, 6, 9, 10, 10, 7, 10, 7, 6, 6, 10, 9, 8, 7, 10, 10, 7, 7, 10, 10, 10, 8, 10, 10, 8, 7, 10, 7, 9, 9, 10, 7, 7, 9, 8, 10, 8, 7, 8, 5, 8, 5, 10, 9, 10, 12, 10, 10, 8, 8, 6, 8, 8, 7, 8, 5, 8, 9, 6, 6, 7, 7, 7, 7, 10, 10, 7, 7, 10, 9, 9, 8, 10, 10, 7, 12, 8, 10, 7, 8, 12, 8, 8, 8, 8, 8, 9, 8, 9, 7, 8, 9, 10, 7, 8, 8, 7, 8, 8, 10, 10, 7, 7, 8, 9, 10]"
phlogiston,290,316.42,"[310, 280, 280, 280, 300, 320, 260]","[300, 300, 300, 290, 385, 300, 370, 280, 300, 300, 280, 400, 300, 300, 370, 430, 360, 300, 300, 385, 250, 310, 300, 290, 380, 300, 300, 280, 385, 310, 300, 380, 300, 370, 300, 300, 260, 390, 280, 280, 360, 300, 300, 350, 360, 370, 298, 300, 180, 300, 330, 330, 300, 300, 285, 290, 300, 320, 265, 280, 385, 300]"
phoenix pacifier,6500,3040.89,[6500],"[71, 9750, 6300, 64, 65, 65, 53, 5500, 5500]"
picasso triggerfish leash,N/A,15,N/A,"[15, 15, 15]"
pigeon,N/A,17.49,N/A,"[40, 40, 35, 30, 6, 12, 15, 0.2, 25, 15, 9, 15, 7, 15, 15, 15, 15, 15, 35, 6, 40, 10, 19, 12, 15, 15, 14, 14, 15, 0.03333333333333333, 40, 5, 10, 13, 25]"
piglet leash,412.44,695.4,"[9, 880, 10, 900, 1000, 2, 2, 9, 900]","[10, 10, 7, 1150, 920, 840, 200, 10, 820, 200, 11, 800, 10, 950, 950, 900, 820, 840, 1050, 99, 850, 900, 950, 11, 1030, 900, 120, 950, 200, 980, 11, 800, 910, 1175, 8, 11, 840, 850, 1130, 840, 1090, 970, 980, 900, 10, 1150, 960, 9, 1100, 11, 950, 810, 10, 1080, 1000, 1000, 900, 800, 970, 970, 10, 840, 10, 1080, 10, 10, 950, 850, 1050, 1050, 800, 1050, 1070, 890, 920, 950, 680, 950, 1150, 1090, 750, 1130]"
pinata pal,60.5,165,"[115, 5, 2, 120]","[170, 150, 150, 190, 180, 150]"
pineapple finger ring,1,1.86,[1],"[2, 2, 1, 2, 2, 2, 2, 2, 2, 1, 1, 1, 4, 2, 2, 2, 2, 2, 2, 4, 1, 1, 1, 1, 2, 1, 3, 2, 2, 2, 1, 1, 1, 3, 3, 3, 2, 2, 2, 2, 1, 1, 2]"
pineapple fish leash,27.5,N/A,"[15, 40]",N/A
pineapple kite,2,2.22,[2],"[2, 2, 5, 2, 2, 3, 2, 1, 2, 2, 2, 2, 2, 2, 1, 2, 3, 1, 2, 2, 2, 5, 2]"
pineapple superhero,450,470.24,[450],"[400, 500, 420, 450, 450, 560, 400, 400, 450, 450, 450, 600, 490, 450, 550, 555, 400, 400, 600, 400, 500]"
playful fire sprite,7,6,[7],"[8, 4]"
playful water sprite,7,10.2,[7],"[10, 17, 10, 5, 9]"
playful wind sprite,8.5,10,"[10, 7]","[15, 5, 5, 15]"
polar bear leash,25,39.97,"[25, 30, 20]","[80, 60, 20, 20, 60, 25, 43, 50, 40, 25, 32, 60, 48, 40, 45, 35, 35, 35, 45, 31, 35, 30, 45, 50, 35, 25, 30, 40, 40]"
pontianak pet,358.83,382.63,"[300, 380, 15, 15, 650, 670, 670, 450, 6, 350, 450, 350]","[30, 530, 430, 400, 395, 390, 360, 550, 8, 360, 10, 450, 500, 500, 490, 560, 395, 850, 400, 430, 415, 500, 12, 520, 540, 12, 350, 12, 550, 530]"
prehistoric dragon claw,2.7,4.69,"[1, 3, 3, 1, 3, 4, 2, 3, 3, 4]","[5, 3, 4, 5, 4, 2, 5, 4, 10, 10, 5, 2, 3, 6, 4, 3, 3, 5, 5, 4, 5, 10, 10, 2, 4, 4, 5, 4, 5, 4, 6, 4, 0.16666666666666666, 5, 5, 4, 9, 5, 6, 6, 5, 3, 4, 5, 6, 3, 3, 6, 9, 5, 3, 4, 6, 3, 3, 6, 2, 5, 6, 5, 3, 3, 5, 5, 4, 5, 4, 4, 5, 5, 3, 5, 5, 5, 5, 4, 3, 5, 5, 5, 4, 4, 10, 10, 3, 3, 3, 3, 3, 4, 4, 4, 4, 5, 4, 4, 4, 4, 4, 4, 9, 9, 5, 6, 6, 3, 3, 5, 4, 4, 3]"
puddy leash,733,822.85,"[16, 1450]","[1530, 16, 1550, 1650, 1580, 17, 17, 2150, 16, 16, 1800, 1610, 1610, 1610, 18, 1550, 1600, 1590, 1610, 1530, 15, 1670, 16, 17, 1530, 16, 16, 15, 16, 1540, 16, 15, 16, 15, 22, 1800, 1650, 1600, 1530, 18, 1520, 1595, 17, 17, 15, 15, 15, 1700]"
puggly,1140,887.35,[1140],"[1200, 1100, 11, 1150, 1120, 10, 12, 1150, 15, 1080, 1200, 1150, 1300, 1300, 1080, 1125, 1150, 1150, 1050, 1135, 11, 1060, 1150, 12, 1200, 1150]"
puppy leash,662.67,766,"[19, 19, 1950]","[1950, 19, 23, 2150, 23, 1950, 19, 21, 20, 2250, 20, 20, 20, 20, 2050, 20, 1950, 2050, 20, 23, 2100, 2050, 22, 20, 21, 1950, 20, 21, 24, 18, 2120, 2350, 18, 2180, 25, 19]"
purple shore crab leash,N/A,7.67,N/A,"[6, 10, 7]"
raccoon leash,74.46,78.74,"[75, 65, 75, 75, 75, 85, 75, 70, 70, 70, 75, 75, 83]","[75, 78, 85, 75, 85, 80, 70, 70, 75, 82, 75, 78, 70, 82, 80, 81, 75, 75, 70, 80, 83, 80, 80, 80, 75, 70, 75, 80, 75, 80, 70, 70, 80, 75, 80, 85, 85, 85, 80, 80, 70, 80, 70, 75, 80, 80, 80, 85, 85, 80, 80, 85, 80, 90, 85, 78, 100, 70, 75, 70, 80, 80, 80, 80, 80, 70, 80, 80, 90, 80, 80, 80, 90, 75, 68, 68, 80, 75, 80, 80, 90, 80, 80, 80, 80, 75, 80, 75, 75, 80, 70, 85, 85, 85, 80, 80, 80, 83, 78, 70]"
radioactive synthoid,N/A,68,N/A,"[70, 70, 70, 60, 70]"
rainbow kite,15,22.58,"[15, 15, 15]","[21, 21, 25, 22, 25, 25, 25, 15, 21, 21, 25, 25]"
rainbowfish leash,N/A,18.21,N/A,"[20, 20, 20, 15, 15, 20, 15, 20, 10, 20, 15, 25, 20, 20]"
rayman's fist,N/A,N/A,N/A,N/A
really dangerous pet llama,N/A,N/A,N/A,N/A
reanimator remote,62.75,65.17,"[60, 80, 65, 60, 60, 60, 70, 60, 80, 80, 90, 50, 65, 50, 85, 35, 60, 55, 30, 60]","[65, 65, 65, 75, 70, 85, 82, 65, 80, 75, 60, 60, 40, 80, 35, 80, 60, 75, 70, 60, 40, 60, 65, 85, 55, 70, 65, 65, 65, 55, 55, 65, 75, 65, 50, 65, 80, 80, 50, 65, 50]"
red floaty balloon,N/A,50,N/A,[50]
red pet apatoceratops,N/A,3,N/A,[3]
red pet apatodon,N/A,2,N/A,[2]
red pet apatos rex,N/A,5,N/A,"[4, 3, 6, 6, 6]"
red pet apatosaurus,N/A,N/A,N/A,N/A
red pet pteranodon,N/A,4.25,N/A,"[6, 1, 4, 4, 4, 5, 5, 5]"
red pet pteranus rex,13,11.59,"[13, 13]","[5, 10, 10, 11, 11, 18, 15, 15, 10, 10, 10, 15, 12, 14, 10, 10, 15, 15, 6, 10, 9, 14]"
red pet pteratops,3,N/A,[3],N/A
red pet pterosaurus,N/A,17,N/A,"[30, 4]"
red pet triceradon,N/A,N/A,N/A,N/A
red pet triceratops,N/A,16.4,N/A,"[7, 10, 40, 15, 10]"
red pet tricerus rex,N/A,1,N/A,[1]
red pet tripatosaurus,N/A,N/A,N/A,N/A
red pet tyrannosaurus,N/A,6.5,N/A,"[8, 10, 8, 8, 7, 2, 1, 6, 10, 6, 6, 6]"
red pet tyranodon,N/A,N/A,N/A,N/A
red pet tyranopatos,N/A,5.12,N/A,"[3, 3, 5, 10, 10, 10, 10, 2, 2, 2, 5, 3, 5, 2, 5, 5, 3, 5, 5, 10, 4, 10, 2, 10, 10, 10, 4, 3, 3, 5, 2, 5, 5, 10, 5, 5, 5, 5, 5, 5, 10, 3, 5, 4, 5, 10, 3, 5, 4, 3, 4, 10, 4, 10, 10, 5, 6, 3, 3, 5, 5, 5, 5, 5, 2, 2, 7, 5, 5, 5, 0.3333333333333333, 5, 8, 5, 3, 7, 10, 2, 5, 4, 4, 4, 4, 5, 3, 7, 4, 3, 2, 2, 10, 10, 3, 3, 4, 3, 2, 5, 3, 3, 10, 5, 10, 6, 5, 4, 4, 5, 5, 5, 4, 2, 4, 10, 2, 2, 10, 3, 4]"
red pet tyranotops,N/A,N/A,N/A,N/A
reindeer bell,490,585.86,"[530, 450]","[600, 830, 450, 800, 450, 600, 1050, 500, 620, 700, 600, 7, 600, 550, 470, 460, 6, 910, 500, 800, 800]"
retro magnifying glass,20,31,"[20, 20]","[20, 30, 30, 45, 30]"
rhino horn,290,308.12,"[280, 290, 310, 280]","[300, 285, 380, 310, 305, 340, 295, 300, 290, 290, 280, 280, 310, 310, 305, 285, 300, 330, 300, 310, 300, 300, 350, 340]"
riding skeletal shark,N/A,35,N/A,"[35, 35]"
royal alpha wolf,372.5,477.04,"[400, 555, 530, 5]","[560, 700, 525, 550, 320, 550, 630, 580, 350, 500, 500, 305, 640, 630, 650, 327, 327, 327, 6, 310, 660, 590, 320, 320, 625, 585, 670, 300]"
sand shark leash,1,3,[1],"[2, 1, 2, 5, 2, 2, 6, 5, 2, 4, 2, 4, 2]"
scarecrow pet,250,278.04,[250],"[300, 280, 270, 290, 300, 290, 285, 270, 290, 290, 250, 300, 290, 280, 250, 260, 270, 290, 240, 280, 260, 260, 290, 280, 270, 290, 290, 270]"
scepter of the honor guard,40,40.15,[40],"[40, 45, 40, 45, 45, 37, 40, 35, 45, 40, 35, 40, 35]"
seahorse leash,N/A,19.59,N/A,"[2, 25, 7, 13, 10, 25, 15, 17, 25, 25, 25, 25, 25, 20, 40, 22, 12]"
shadow spirit of the underworld,N/A,865,N/A,[865]
shadow wolf leash,N/A,N/A,N/A,N/A
shady agent shades,145,137.85,"[120, 170]","[180, 180, 130, 122, 110, 130, 175, 120, 130, 115, 120, 120, 115, 120, 120, 120, 110, 170, 110, 160, 140, 140, 160, 160, 115, 170, 170, 165, 110, 160, 130, 155, 117]"
skeletal dragon claw,N/A,97.8,N/A,"[93, 110, 110, 105, 93, 90, 110, 80, 95, 100, 125, 100, 90, 85, 90, 120, 90, 90, 86, 150, 88, 85, 100, 120, 92, 87, 93, 90, 90, 100, 95, 95, 105, 90, 75, 150, 95, 85, 115, 115, 150, 110, 95, 95, 95, 27, 85, 90, 150, 80, 80, 90, 90, 95, 85, 125, 92, 90, 125, 125, 125, 76, 90, 85, 150, 90, 85, 88, 95, 88, 85, 95, 95, 90, 90, 88, 90, 80, 90, 100, 150, 83, 95, 85, 88, 120, 90, 90, 88, 120, 100, 83, 85, 90]"
skeletal shark leash,2,5.93,[2],"[5, 7, 3, 8, 5, 7, 5, 7, 5, 9, 5, 5, 8, 8, 5, 4, 8, 5, 7, 7, 5, 5, 5, 5, 5, 5, 7]"
snow cone pet,36,40.85,"[30, 40, 38]","[40, 35, 40, 40, 50, 35, 40, 33, 35, 50, 40, 33, 50, 35, 40, 40, 50, 40, 40, 50, 30, 38, 50, 40, 45, 45, 50, 40, 40, 40, 45, 40, 50, 40, 40, 36, 40, 40, 38, 40, 40, 40, 40, 40, 40, 30, 40, 40, 35, 45, 50, 40, 40, 40, 50, 40, 35, 40, 45, 50, 40, 30]"
snow husky,17.5,17.11,"[18, 17]","[16, 20, 13, 16, 15, 18, 16, 13, 14, 15, 13, 18, 18, 15, 17, 20, 20, 25, 20, 17, 16, 20, 18, 17, 20, 15, 17, 20, 21, 20, 14, 15, 15, 20, 13, 16, 15, 20, 16, 18, 16, 20, 14, 18]"
sonar bracelet,2.88,2.83,"[1.5, 2, 4, 4]","[3, 3, 2, 2, 3, 2, 2, 2, 2, 3, 2, 2, 4, 2, 2, 1, 2, 2, 3, 3, 2, 3, 3, 3, 2, 1, 3, 3, 2, 4, 2, 4, 3, 6, 3, 3, 2, 2, 2, 2, 2, 2, 4, 3, 2, 2, 2, 4, 2, 3, 3, 4, 2, 2, 3, 2, 2, 3, 4, 4, 3, 1, 3, 5, 2, 7, 2, 2, 4, 3, 2, 2, 7, 4, 3, 3, 3, 2, 3, 2, 3, 4, 3, 1, 2, 4, 4, 3, 3, 3, 3, 2, 2, 2, 4, 2, 2, 2, 1.0, 3, 3, 2, 3, 4, 4, 5, 3, 6, 2, 2, 5, 5, 2, 2, 2, 2, 6, 2, 2, 2, 3, 4, 3, 2, 3, 6, 2, 2, 3]"
space rover,28.33,46.58,"[25, 30, 30]","[60, 60, 60, 60, 50, 50, 60, 30, 55, 20, 30, 30, 30, 50, 40, 30, 50, 60, 60]"
spiritual resonator,56.47,43.36,"[40, 100, 90, 90, 35, 35, 90, 40, 140, 45, 32, 38, 40, 35, 30, 40, 40]","[50, 50, 40, 40, 40, 40, 38, 38, 50, 50, 40, 45, 45, 45, 45, 45, 37, 45, 40, 40, 40, 40, 45, 49, 40, 55, 35, 45, 45, 42, 60, 40, 57, 40, 38, 35, 35, 34, 40, 40, 35, 35, 40, 40, 65, 50, 45, 50, 40, 50]"
spruce goose,185.62,209,"[160, 155, 230, 180, 190, 190, 230, 150]","[290, 205, 260, 240, 290, 180, 240, 190, 180, 200, 170, 205, 200, 200, 200, 190, 180, 225, 225, 205, 205, 175, 235, 220, 250, 200, 200, 220, 235, 200, 220, 153, 180, 190, 170, 170, 175, 180, 220, 235, 160, 300, 220, 185, 300, 180, 190, 200, 175, 260, 200, 190]"
star dragon claw,8,8.4,"[8, 8]","[10, 8, 9, 9, 8, 9, 8, 9, 4, 7, 7, 8, 8, 10, 8, 9, 5, 8, 8, 10, 8, 9, 9, 8, 10, 8, 8, 10, 8, 10, 12, 9, 10, 8, 7, 6, 7, 8, 9, 9, 7, 9, 9, 9, 9, 7, 6, 9, 8, 8, 9, 10, 8, 9, 9, 9, 8, 8, 7, 9, 7, 7, 8, 10, 6, 9, 9, 8, 7, 9, 8, 9, 9, 8, 8, 8, 9, 10, 8, 8, 8, 9, 8, 8, 9, 8, 9, 8, 7, 8, 9, 12, 9, 9, 8, 7, 8, 9, 10, 9, 10, 8, 9, 9, 9, 10, 9, 10, 8, 8, 9, 10, 9, 9, 7, 8, 9, 10, 7, 7, 7, 7, 9, 6, 8, 5, 8, 5, 7, 8, 9, 8, 8, 8, 8, 8, 12, 10, 10, 10, 9, 8, 9, 8, 10, 8, 8, 8, 7, 8, 9, 10, 7, 9]"
starfish leash,27.5,58.93,"[35, 20]","[45, 65, 50, 60, 45, 85, 65, 50, 55, 85, 45, 50, 70, 90, 60, 40, 90, 50, 40, 50, 80, 50, 90, 50, 60, 50, 45, 35]"
stonefish leash,15,18.5,[15],"[12, 25]"
strawberry slime,N/A,34.07,N/A,"[70, 25, 85, 35, 60, 18, 90, 23, 16, 18, 20, 17, 25, 18, 20, 85, 20, 18, 20, 22, 20, 23, 15, 15, 19, 100, 23]"
summer kite,18.29,22.08,"[20, 25, 15, 20, 15, 13, 15, 20, 20, 15, 20, 20, 25, 20, 20, 20, 15, 14, 15, 20, 20, 20, 15, 17]","[20, 20, 30, 25, 20, 20, 25, 20, 32, 18, 21, 25, 30, 12, 20, 25, 25, 20, 20, 20, 17, 17, 20, 20, 20, 30, 25, 25, 27, 20, 20, 22, 15, 18, 20, 14, 25, 25, 20, 20, 18, 40, 15, 22, 20, 25, 20, 25, 22, 22, 25, 20, 26, 23, 30, 20, 22, 20, 20]"
sunfish leash,5,N/A,[5],N/A
super-dragon mask,4,4.55,"[4, 4, 4]","[6, 4, 4, 4, 5, 5, 3, 4, 5, 7, 6, 5, 5, 3, 4, 5, 5, 4, 5, 4, 4, 4, 3, 4, 6, 4, 6, 5, 3, 5, 6, 5, 2]"
tainted cheese,15.5,17.76,"[17, 20, 13, 15, 8, 20]","[20, 12, 19, 19, 20, 20, 22, 18, 20, 12, 15, 20, 20, 18, 17, 17, 20, 18, 18, 16, 20, 12, 20, 20, 18, 20, 14, 15, 20, 19, 20, 20, 15, 15, 13, 20, 15]"
tamed looming triffid,N/A,127.5,N/A,"[120, 100, 170, 120]"
the great chameleon: master of disguise,477.17,669.4,"[450, 550, 560, 540, 500, 540, 6, 550, 700, 5, 540, 520, 550, 480, 380, 375, 510, 605, 550, 635, 500, 450, 635, 570, 570, 540, 540, 500, 550, 550, 550, 520, 635, 510, 7, 5]","[450, 650, 600, 695, 750, 600, 700, 600, 635, 635, 750, 595, 700, 690, 625, 625, 550, 650, 615, 475, 510, 650, 650, 650, 600, 625, 625, 630, 550, 600, 615, 700, 750, 650, 780, 750, 650, 610, 870, 480, 850, 850, 750, 680, 765, 765, 700, 570, 640, 640, 750, 700, 600, 600, 730, 730, 800, 650, 750, 650, 750, 630, 650, 730, 570, 650, 650, 750, 750, 750, 660, 750, 750, 750, 650, 770, 770, 520, 650, 700, 600, 630, 600, 600, 730, 670, 650, 650, 680, 700, 650, 650, 615, 570, 700, 580, 750, 750, 750, 650, 600, 550, 680, 625, 630, 650, 800, 800, 800, 765, 700, 750, 670, 750, 600, 795, 750, 800, 625, 625, 530, 600, 650, 650, 650, 570]"
thinking cap,N/A,201.36,N/A,"[150, 190, 190, 190, 190, 230, 230, 230, 185, 210, 220]"
totally legit bunnyfish leash,N/A,20,N/A,"[25, 20, 15, 20, 20]"
toucan's bill,N/A,N/A,N/A,N/A
toy lock-bot,N/A,1450,N/A,"[1450, 1450, 1450]"
tumbleweed attractor,70,112.27,"[70, 70]","[110, 130, 130, 100, 90, 90, 125, 110, 150, 100, 100]"
unearthly synthoid,N/A,62.5,N/A,"[50, 75]"
unicorn garland,N/A,19.13,N/A,"[16, 20, 14, 27, 30, 30, 11, 25, 20, 20, 11, 20, 18, 25, 12, 30, 30, 15, 15, 30, 10, 20, 22, 8, 31, 10, 14, 8, 16, 16, 15, 18, 15, 20, 27, 15, 10, 23, 10, 23, 15, 10, 25, 30, 31]"
violet protodrake leash,2,N/A,[2],N/A
void egg,N/A,20.5,N/A,"[18, 18, 24, 22]"
war seahorse,N/A,N/A,N/A,N/A
water spirit necklace,N/A,N/A,N/A,N/A
weird manta ray leash,N/A,5.34,N/A,"[2, 5, 2, 3, 7, 6, 10, 10, 10, 2, 4, 4, 5, 6, 5, 1, 11, 3, 5, 10, 3, 3, 3, 3, 7, 6, 5, 4, 2, 5, 5, 5, 5, 4, 3, 5, 7, 10, 10, 5, 8]"
whale leash,2,3.31,"[1, 2, 3]","[3, 3, 3, 3, 4, 4, 4, 3, 4, 3, 3, 2, 4]"
winter flu vaccine,2,2.15,[2],"[2, 2, 2, 2, 2, 2, 2, 2, 1, 2, 2, 3, 2, 3, 1, 4, 3, 1, 3, 2]"
wolf tamer's glove,N/A,5.68,N/A,"[9, 9, 4, 3, 4, 4, 4, 9, 9, 4, 9, 3, 4, 5, 4, 4, 9, 4, 5, 5, 9, 9, 4, 4, 4, 9, 3, 4, 5, 9, 5]"
world cup cleats,N/A,3,N/A,"[3, 3]"
yeonnalligi,1.33,3.33,"[1, 1, 2]","[3, 3, 3, 3, 4, 3, 3, 5, 3]"
yeti leash,13.8,18.08,"[16, 10, 15, 10, 15, 11, 15, 9, 15, 16, 16, 17, 10, 17, 15]","[17, 23, 20, 20, 20, 17, 11, 15, 20, 20, 18, 19, 15, 17, 20, 25, 17, 20, 15, 20, 17, 15, 20, 17, 23, 15, 19, 25, 16, 15, 15, 17, 20, 20, 20, 20, 19, 22, 22, 15, 20, 20, 16, 19, 16, 20, 15, 15, 15, 15, 17, 20, 13, 13, 19, 19, 21, 15, 15, 16, 10, 23, 20, 10, 15, 25, 17, 23, 23, 20, 18, 18, 15, 15, 15, 20, 16, 23, 20, 20, 20, 20, 18, 17, 15, 17, 20, 25, 20, 15, 23, 20, 15, 15, 20, 15, 13, 15, 23, 17, 15, 18, 22, 20, 17, 17, 18, 23, 20, 15, 19, 17, 17, 16, 18, 12, 20, 20, 20, 20, 17, 17, 17]"
zombie hound,7.8,7.5,"[5, 10, 6, 10, 8]","[3, 5, 7, 7, 11, 12]"
zorbnik leash,20,26.68,"[30, 10]","[14, 12, 40, 40, 39, 25, 15, 15, 22, 40, 22, 40, 20, 20, 35, 35, 24, 25, 10, 40, 35, 35, 35, 40, 30, 35, 20, 16, 35, 45, 40, 20, 40, 15, 30, 18, 20, 30, 40, 15, 35, 35, 20, 35, 30, 35, 35, 39, 40, 35, 35, 12, 20, 20, 24, 30, 12, 30, 25, 30, 30, 15, 35, 35, 30, 30, 20, 19, 50, 15, 15, 15, 20, 33, 0.06666666666666667, 15, 35, 35, 40, 25, 15, 30, 30, 30, 30, 35, 35, 15, 30, 40, 30, 20, 30, 30, 30, 35, 30, 35, 20, 18, 15, 48, 25, 15, 39, 35, 12, 12, 50, 20, 20, 25, 35, 35, 24, 40, 30, 20, 35, 15, 25, 15, 15, 20, 10, 25, 20, 15, 20, 30, 24, 13, 20, 0.07692307692307693, 15]"
