Name,Average Buy,Average Sell,Found Buy Prices,Found Sell Prices
2014 - zodiac year of the horse,N/A,202.86,N/A,"[250, 200, 170, 200, 200, 200, 200]"
2015 - zodiac year of the goat,N/A,N/A,N/A,N/A
2016 - zodiac year of the monkey,N/A,N/A,N/A,N/A
2017 - zodiac year of the rooster,N/A,N/A,N/A,N/A
2018 - zodiac year of the dog,N/A,310.0,N/A,[310]
2019 - zodiac year of the pig,N/A,137.08,N/A,"[140, 120, 140, 140, 140, 140, 140, 140, 140, 125, 140, 140]"
2020 - zodiac year of the rat,N/A,12.0,N/A,[12]
2021 - zodiac year of the ox,N/A,92.33,N/A,"[90, 100, 100, 89, 85, 90]"
absolutely real elephant fish leash,1.62,1.03,"[3, 0.25]","[0.5, 1, 1, 1, 1, 1, 1, 1, 1, 1, 1, 0.5, 0.5, 0.5, 0.5, 0.5, 1, 1, 0.5, 1, 2, 2, 1, 1, 1, 1, 1, 1, 1, 2, 3, 0.5, 1, 1]"
alaskan king crab leash,N/A,25.31,N/A,"[25, 28, 20, 25, 25, 28, 25, 25, 25, 25, 25, 28, 28, 25, 23, 25]"
alpha great white shark leash,1.9,2.77,"[2, 1, 0.5, 5, 1]","[6, 2, 3, 2, 2, 7, 2, 1, 5, 2, 2, 2, 2, 2, 2, 5, 5, 1.2, 3, 3, 1, 1, 1, 3, 1, 2, 2, 7, 2, 2, 2, 2, 2, 2, 7, 2, 0.5, 2, 2, 2, 2, 2, 6, 2, 2, 3, 7, 1, 1, 3, 2, 2, 1, 1, 11, 3, 3, 6, 1, 1, 2, 1, 1, 5, 2, 3, 3, 2, 6, 5, 2]"
alpha wolf,85.88,138.61,"[90, 130, 130, 120, 1, 1, 115, 100]","[170, 155, 90, 135, 145, 145, 110, 150, 135, 160, 145, 150, 125, 125, 170, 80, 140, 165]"
axolotl leash,22.0,35.44,"[23, 20, 23]","[60, 25, 25, 33, 40, 35, 50, 25, 26]"
baby bunny,1088.0,1046.38,"[35, 29, 3200]","[46, 40, 42, 42, 41, 4800, 40, 40, 5200, 58, 35, 55, 50, 34, 45, 44, 48, 46, 48, 4350, 3800, 3400, 3650, 3800, 50, 35, 52, 48, 50, 3400, 47, 48]"
balloon bunny,90.0,118.0,"[90, 90, 90, 90, 90]","[120, 120, 120, 110, 120]"
basic dragons,N/A,5.0,N/A,[5]
bass leash,1.0,1.0,[1],[1]
battle gar,1.0,2.0,[1],"[5, 1, 1, 2, 1, 2]"
battle mutant fish,70.0,77.02,"[70, 70, 70]","[85, 80, 100, 85, 80, 70, 100, 80, 75, 75, 75, 69, 78, 85, 75, 80, 70, 90, 69, 80, 65, 70, 80, 65, 83, 75, 85, 70, 80, 65, 85, 75, 80, 90, 70, 60, 65, 75, 75, 70, 85, 70, 75, 75]"
betty bluetooth doll,70.0,76.11,[70],"[80, 70, 70, 70, 80, 75, 80, 80, 80]"
black cat leash,29.3,29.16,"[20, 23, 30, 20, 35, 40, 40, 30, 35, 20]","[30, 23, 30, 25, 25, 25, 25, 20, 23, 25, 25, 25, 25, 25, 26, 43, 25, 25, 25, 25, 45, 25, 50, 55, 24, 40, 40, 35, 35, 27, 40, 20, 25, 25, 33, 33, 20, 25, 6, 28, 35, 25, 25, 25, 20, 20, 23, 26, 25, 50, 45, 25, 30, 20, 20, 30, 23, 40, 30, 40, 28, 28, 28, 28, 28, 32, 35, 30, 7, 30, 25, 25, 45, 30, 30, 28, 28, 26, 25, 20, 25, 30, 20, 45, 40, 42, 35, 35, 30, 28, 32, 30, 25, 25, 45, 20, 35, 45, 35, 28, 25, 26, 26, 20, 28, 15, 23, 25, 30, 25, 43, 40, 25, 28, 20, 20, 30, 25, 40, 25, 25, 30, 5, 30, 50, 50, 11, 28, 20, 25, 25, 40, 40, 35, 25, 40, 35, 30, 30, 30, 27, 45, 2, 24, 25, 30, 45, 45, 40, 40, 40, 30, 45, 26, 28, 30, 27, 30, 20, 20, 35, 35, 30, 20, 20, 24, 24, 30, 20, 30, 28, 28, 25]"
black crystal dragon,143.0,182.38,"[135, 140, 140, 150, 150]","[210, 210, 180, 210, 210, 200, 200, 200, 200, 210, 210, 190, 160, 150, 150, 150, 155, 210, 150, 145, 120, 120, 210, 150, 205, 155, 150, 210, 200, 130, 200, 150, 200, 210, 160, 210, 205, 210, 200, 200]"
blue floaty balloon,N/A,48.33,N/A,"[45, 40, 60]"
bob the gross blob,136.67,218.1,"[2, 198, 210]","[200, 210, 220, 210, 220, 230, 210, 210, 260, 210, 210, 210, 255, 255, 210, 210, 220, 200, 210, 200, 220]"
bride of reanimator remote,30.67,54.74,"[40, 25, 27]","[30, 48, 40, 55, 50, 65, 40, 60, 30, 50, 60, 38, 55, 65, 50, 65, 60, 35, 65, 50, 50, 50, 35, 50, 35, 70, 65, 45, 100, 100, 50, 45, 50, 60, 100]"
brown pet apatoceratops,N/A,N/A,N/A,N/A
brown pet apatodon,N/A,N/A,N/A,N/A
brown pet apatos rex,N/A,N/A,N/A,N/A
brown pet apatosaurus,N/A,0.33,N/A,"[0.3333333333333333, 0.3333333333333333]"
brown pet pteranodon,N/A,N/A,N/A,N/A
brown pet pteranus rex,N/A,19.14,N/A,"[20, 20, 19, 19, 20, 18, 18]"
brown pet pteratops,N/A,N/A,N/A,N/A
brown pet pterosaurus,N/A,10.0,N/A,[10]
brown pet triceradon,N/A,N/A,N/A,N/A
brown pet triceratops,N/A,8.0,N/A,"[8, 8, 8, 8, 8, 8, 8, 8]"
brown pet tricerus rex,N/A,N/A,N/A,N/A
brown pet tripatosaurus,N/A,N/A,N/A,N/A
brown pet tyrannosaurus,N/A,7.5,N/A,"[7, 8]"
brown pet tyranodon,N/A,N/A,N/A,N/A
brown pet tyranopatos,N/A,N/A,N/A,N/A
brown pet tyranotops,N/A,N/A,N/A,N/A
buffalo leash,180.86,329.24,"[6, 200, 180, 240, 210, 300, 4, 300, 6, 210, 6, 320, 300, 250]","[260, 260, 260, 260, 9, 860, 860, 9, 323, 323, 245, 3, 325, 325, 260, 265, 750]"
butterfly leash,5.67,2.04,"[1, 15, 1]","[2, 1, 3, 1, 2, 2, 2, 3, 2, 1, 2, 2, 2, 2, 3, 3, 2, 1, 1, 1, 2, 3, 2, 2, 2, 2, 4, 2, 3, 0.3333333333333333, 3, 1, 1, 2, 2, 2, 3, 2, 2, 2, 1.5, 1, 1, 2, 3, 3, 2, 2, 2, 2, 3, 3, 3, 1.4576271186440677]"
calf leash,58.25,69.0,"[65, 58, 55, 55]","[78, 60, 75, 55, 75, 80, 70, 65, 65, 65, 65, 75]"
capuchin leash,10.0,14.45,"[10, 10]","[13, 15, 11, 14, 14, 10, 23, 13, 15, 10, 13, 13, 21, 12, 15, 14, 14, 15, 16, 20, 14, 15, 15, 15, 14, 14, 13, 13, 13, 10, 15, 12, 15, 13, 12, 15, 15, 16, 20, 13, 15, 17, 15, 13, 15, 13, 18, 13, 15, 14, 14, 14, 13, 15, 18]"
care pear,2.5,5.02,"[2, 3]","[5, 5, 6, 4, 4, 5, 5, 5, 2, 5, 6, 6, 7, 5, 6, 5, 4, 4, 5, 7, 3, 5, 5, 5, 5, 5, 4, 6, 3, 3, 5, 7, 4, 7, 5, 5, 7, 4, 5, 6, 7, 6, 3, 4, 5, 5, 7, 6, 5, 4, 5, 5, 5, 4]"
catfish leash,N/A,1.0,N/A,"[1, 1, 1, 1, 1, 1, 1, 1, 1, 1, 1]"
celestial dragon charm,215.0,242.33,"[250, 180]","[230, 230, 245, 245, 250, 233, 245, 265, 225, 245, 230, 265]"
chick leash,26.5,1079.48,"[23, 30]","[38, 3600, 3400, 35, 35, 3600, 36, 36, 3310, 35, 33, 34, 33, 3700, 36, 34, 3200, 3200, 3600, 38, 36, 38, 34, 34, 3490, 3490, 23, 36, 36, 22, 22, 3500, 22, 19, 34, 34, 40, 40, 2350, 3600, 40, 40, 34, 2450]"
chimera's call,N/A,36.0,N/A,"[35, 40, 39, 39, 35, 30, 30, 40]"
chipmunk,30.0,28.61,[30],"[25, 25, 30, 35, 20, 20, 28, 40, 20, 19, 27, 25, 24, 25, 24, 25, 25, 30, 25, 33, 35, 25, 30, 30, 29, 30, 20, 35, 35, 35, 35, 35, 30, 30, 25, 17, 25, 20, 20, 39, 20, 20, 33, 33, 35, 25, 25, 35, 38, 35, 33, 40, 33, 30, 40, 30, 30, 25, 40, 20, 20]"
claw of growganoth,30.0,44.48,"[30, 30, 30, 30, 30, 30, 30, 30]","[38, 55, 35, 50, 50, 40, 45, 45, 70, 40, 50, 45, 50, 37, 40, 40, 45, 55, 40, 40, 30, 30, 40, 40, 30, 45, 30, 25, 50, 30, 60, 70, 45, 40, 35, 80, 35, 40, 40, 50, 45, 50, 40, 50, 50, 70, 40, 40, 50, 50, 30, 70, 50, 40, 40, 40, 35, 35]"
clockwork fish leash,N/A,10.0,N/A,[10]
cloud rabbit,71.36,82.08,"[70, 70, 70, 70, 70, 80, 70, 80, 65, 70, 70]","[80, 85, 85, 75, 90, 80, 80, 80, 85, 65, 75, 80, 82, 75, 89, 85, 85, 80, 80, 90, 90, 75, 90, 73, 90, 80, 75, 70, 95, 80, 80, 80, 90, 80, 75, 80, 80, 80, 65, 80, 90, 65, 90, 90, 90, 85, 85, 70, 70, 90, 80, 80, 80, 90, 90, 90, 80, 80, 80, 80, 75, 80, 80, 75, 75, 70, 80, 70, 85, 80, 70, 95, 80, 85, 80, 90, 90, 90, 75, 100, 75, 82, 82, 75, 90, 80, 90, 85, 95, 90, 90, 80, 80, 90, 80, 90, 75, 85, 90, 90, 80, 70, 70, 95, 85, 85, 85, 85, 80, 80, 85, 70, 75, 95, 80, 80, 90, 90, 80]"
cosmic unicorn bracelet,N/A,32.5,N/A,"[31, 34]"
crawdad leash,N/A,4.0,N/A,"[4, 4, 4, 4, 4, 4, 4, 4, 4]"
cuddly piranha,1250.0,1332.0,[1250],"[1300, 1350, 1350, 1350, 1350, 1400, 1320, 1280, 1500, 1250, 1490, 1300, 1250, 1320, 1385, 1385, 1300, 1250, 1250, 1260]"
cupid leash,2.0,3.12,[2],"[3, 2, 3, 2, 3, 4, 5, 3]"
cute mutant boogle,N/A,105.67,N/A,"[150, 2, 2, 160, 140, 180]"
cute mutant plonky,N/A,N/A,N/A,N/A
cute mutant wonky,N/A,15.06,N/A,"[13, 10, 20, 2, 15, 15, 15, 30, 30, 13, 15, 15, 10, 10, 15, 12, 11, 20]"
cuttlefish leash,0.33,1.29,[0.3333333333333333],"[2, 1, 1, 1, 1, 1, 2]"
dark fairy pendant,16.62,21.61,"[22, 15, 15, 16, 13, 22, 15, 15]","[30, 20, 20, 18, 18, 23, 20, 20, 30, 25, 18, 18, 18, 20, 20, 22, 20, 18, 25, 25, 20, 18, 20, 20, 20, 20, 35, 14, 20, 22, 20, 25, 20, 20, 30, 20, 17, 20, 25, 21, 25, 18, 28, 22, 35, 18, 17, 24, 21, 17, 25, 20, 15, 15, 28, 28, 15, 19, 20, 20, 22, 20, 20, 20, 18, 25, 18, 20, 20, 15, 35, 20, 25, 22, 25, 17, 17, 25, 25, 18, 25, 20, 22, 19, 22, 25, 20, 20, 20, 25, 25, 20, 25, 28, 25]"
death's scarf,N/A,34.9,N/A,"[30, 30, 28, 28, 47, 25, 47, 67, 47, 0.025]"
demon angler leash,N/A,4.58,N/A,"[5, 4, 4, 5, 5, 5, 3, 5, 4, 5, 5, 5]"
demon control cap,240.0,273.0,[240],"[250, 250, 240, 250, 375]"
diamond dog,150.0,167.61,"[165, 170, 130, 160, 145, 160, 120]","[175, 150, 150, 135, 140, 170, 160, 160, 140, 170, 190, 178, 180, 150, 180, 170, 140, 190, 190, 140, 175, 170, 170, 180, 180, 200, 200, 200, 150, 135, 190, 200, 175, 175, 170, 149, 175, 160, 160, 160, 190, 170, 135, 160, 180, 160, 160, 165, 180, 145, 135, 175, 175, 180, 180, 165, 175, 200, 185, 140, 135, 170]"
diamond dragon,82.5,88.1,"[82, 83]","[85, 86, 85, 87, 88, 91, 91, 90, 88, 90]"
dogfish leash,N/A,1.19,N/A,"[1, 2, 1, 1, 2, 0.5, 1, 1]"
double-headed angel-devil fish leash,3.0,1.5,[3],"[1, 1, 2, 2, 3, 2, 1, 1, 1, 1]"
drabbit's foot,N/A,1494.29,N/A,"[1520, 1700, 1650, 1600, 1120, 1520, 1450, 1680, 1600, 1070, 1600, 1700, 1500, 1230, 1650, 1240, 1700, 1150, 1650, 1600, 1450]"
draconic claw,N/A,1475.0,N/A,"[900, 2050]"
dragon hand,22.08,28.84,"[30, 23, 32, 9, 13, 26, 26, 18, 20, 30, 30, 32, 23, 31, 26, 3, 28, 30, 7, 26, 8, 25, 20, 30, 30, 30, 30, 20, 3, 20, 25, 25, 20, 25, 15, 25, 3]","[35, 33, 35, 28, 33, 34, 29, 25, 25, 35, 27, 25, 26, 33, 26, 23, 33, 35, 35, 28, 32, 27, 26, 25, 35, 25, 28, 30, 30, 32, 32, 31, 31, 33, 30, 32, 25, 33, 28, 33, 27, 25, 25, 25, 26, 25, 25, 35, 25, 28, 32, 32, 20, 25, 29, 24, 34, 38, 33, 32, 33, 35, 30, 34, 30, 27, 33, 33, 25, 24, 26, 33, 28, 35, 35, 25, 27, 27, 28, 25, 28, 25, 31, 30, 25, 26, 25, 23, 23, 26, 26, 27, 27, 30, 30, 35, 35, 33, 28, 26, 33, 25, 25, 25, 27, 30, 33, 35, 31, 23, 25, 33, 20, 25, 26, 26, 26, 28, 28, 30, 26, 26, 23]"
dragon of legend,N/A,N/A,N/A,N/A
dragon turtle charm,44.83,45.25,"[40, 40, 50, 50, 50, 40, 40, 45, 45, 40, 45, 40, 55, 40, 50, 45, 47, 45]","[50, 38, 38, 50, 45, 45, 45, 45, 45, 50, 50, 40, 45, 43, 45, 50, 50, 40, 40, 40, 45, 45, 50, 45, 45, 50, 50, 45, 45, 50, 50, 45, 50, 45, 50, 40, 40, 40, 40, 40, 55, 50, 40, 45, 45, 45, 50, 40, 45, 45, 40, 50, 45, 45, 45]"
droid pet,2.0,1.06,"[2, 2]","[1, 1, 1, 1, 1, 1, 1, 2, 1, 0.5, 1, 2, 1, 1, 1, 1, 1, 0.5, 1, 1, 1, 1, 2, 0.3333333333333333, 2, 0.5, 1, 2, 1, 1, 1, 1, 0.5, 2, 0.5, 0.5, 1, 1, 2, 1, 0.5, 1, 1, 1, 1, 1, 1, 1]"
dryad,1.5,2.34,"[1, 1, 1, 1, 3, 2]","[3, 2, 3, 2, 2, 3, 2, 3, 3, 2, 2, 2, 2, 2, 3, 2, 2, 3, 4, 1, 3, 2, 2, 3, 2, 2, 2, 2, 2, 3, 3, 2, 2, 2, 2]"
dungeonist crab leash,N/A,17.35,N/A,"[15, 16, 15, 20, 15, 15, 20, 18, 18, 17, 15, 20, 20, 16, 20, 20, 18, 18, 16, 15]"
electro magnifying glass,N/A,15.02,N/A,"[17, 12, 10, 15, 13, 15, 20, 20, 13, 15, 20, 20, 30, 12, 9, 14, 17, 15, 15, 16, 15, 13, 20, 13, 12, 13, 14, 16, 10, 18, 17, 15, 16, 10, 13, 16, 13, 13, 18, 8]"
emergency dragon claw,4.0,5.19,"[4, 4, 4]","[6, 6, 6, 4, 4, 4, 5, 5, 4, 3, 5, 4, 3, 4, 8, 8, 5, 4, 5, 5, 7, 9, 4, 3, 5, 6, 5, 4, 4, 5, 5, 5, 9, 5, 4, 5, 5, 5, 5, 7, 5, 6, 6, 6, 9, 4, 4, 4]"
ethereal rainbow dragon,N/A,16.0,N/A,[16]
euphoric dragon,N/A,311.79,N/A,"[300, 340, 340, 290, 350, 290, 300, 305, 310, 290, 340, 300, 310, 300]"
evil space helmet,N/A,N/A,N/A,N/A
eye of growganoth,N/A,69.71,N/A,"[69, 70, 70, 70, 70, 70, 69]"
fairy,11.06,21.83,"[13, 18, 13, 0.25]","[20, 25, 25, 20, 20, 20, 30, 25, 22, 16, 18, 28, 25, 25, 25, 18, 18, 30, 30, 10, 22, 22, 20, 10]"
familiar leash,3.0,6.98,[3],"[8, 8, 4, 13, 8, 7, 7, 6, 6, 6, 6, 8, 10, 5, 9, 6, 12, 9, 5, 12, 7, 6, 8, 10, 5, 7, 3, 6, 6, 5, 13, 13, 8, 4, 8, 7, 7, 7, 5, 4, 7, 5, 5, 6, 8, 8, 8, 8, 8, 5, 5, 4, 9, 6, 8, 5, 5, 6, 8, 11, 5, 5, 8, 5, 7, 6, 6, 6, 5, 8, 9, 5, 4, 7, 7, 6, 5, 7, 7, 7, 8, 6, 10, 5, 7, 7, 5, 5, 6, 7, 9, 5, 7, 10, 5, 7, 5, 11, 6, 7, 6, 11, 6, 7, 8, 6, 5, 6, 4, 7, 6, 7, 7, 6, 10, 7, 7, 9, 9, 8, 8, 10, 7]"
fc cleats,N/A,N/A,N/A,N/A
fiesta dragon,15.5,37.28,"[3, 30, 27, 2]","[45, 27, 33, 40, 35, 45, 40, 40, 45, 40, 41, 37, 35, 35, 35, 44, 30, 30, 35, 35, 35, 40, 40, 35, 40, 35, 28, 35, 37, 34, 40, 37, 30, 38, 28, 40, 35, 40, 38, 45, 40, 38, 40, 40, 40, 40]"
firefin leash,N/A,45.0,N/A,"[50, 40]"
flowersaurus rex,N/A,9.0,N/A,"[8, 8, 10, 12, 10, 7, 9, 9, 10, 5, 8, 10, 11]"
friendship dragon claw,N/A,25.76,N/A,"[25, 25, 25, 23, 30, 25, 30, 26, 27, 25, 25, 25, 23, 25, 30, 24, 25]"
genie's lamp (disambiguation),N/A,N/A,N/A,N/A
genie's lamp - blue,N/A,N/A,N/A,N/A
genie's lamp - green,N/A,N/A,N/A,N/A
genie's lamp - red,N/A,N/A,N/A,N/A
genie's lamp - yellow,N/A,N/A,N/A,N/A
german shepherd,166.9,383.96,"[4, 115, 450, 140, 120, 300, 200, 120, 120, 100]","[415, 440, 480, 425, 235, 370, 450, 390, 440, 450, 440, 440, 130, 440, 480, 135, 450, 330, 450, 430, 415, 450, 450, 450, 320, 420, 130, 370, 450, 400, 500, 430, 400, 120, 350, 450, 460, 400, 450, 120, 450, 150, 300, 440, 450, 400, 235, 430, 350, 450, 430, 460, 450]"
ghost dragon charm,403.0,389.38,"[520, 5, 200, 245, 540, 590, 570, 490, 450, 5, 580, 480, 450, 470, 450]","[530, 400, 5, 270, 485, 210, 450, 590, 480, 320, 320, 250, 250, 250, 215, 510, 230, 195, 450, 490, 320, 230, 210, 380, 500, 500, 530, 530, 590, 220, 220, 230, 250, 510, 510, 510, 340, 590, 525, 250, 230, 370, 650, 580, 220, 290, 305, 2, 240, 240, 6, 6, 320, 320, 210, 220, 210, 330, 650, 220, 230, 500, 540, 210, 620, 600, 600, 280, 420, 520, 230, 375, 580, 480, 570, 600, 580, 575, 520, 280, 390, 250, 505, 550, 480, 600, 600, 210, 460, 300, 350, 515, 540, 540, 500, 490, 540, 540, 375, 220, 490, 275, 400, 260, 260, 290, 250, 6, 490, 400, 215, 350, 485, 200, 285, 230, 460, 420, 585, 540, 240, 590, 500, 500, 550, 515, 515, 240, 505, 630, 250, 530, 530, 240, 345, 390, 310, 400, 490, 2, 450, 6, 545, 230, 500, 500, 500, 400, 400, 250, 490, 230, 470, 615, 235, 345, 580, 580, 510, 439, 495, 587, 320, 230, 610, 240, 450, 215, 340, 340, 530, 500, 500, 485, 365, 480, 500, 230, 200, 590, 590, 500, 235, 470, 490, 490, 480, 590, 300, 285, 590, 590, 370, 260, 605, 610, 610, 320, 480, 420, 600, 600, 585, 380, 480, 260, 480, 610, 520, 520, 560, 530, 470, 335, 500, 525, 290, 240, 220, 200, 370, 390, 505, 330, 200, 616, 510, 600, 510, 6, 6, 400, 485, 480, 230, 300, 290, 500, 330, 210, 210, 290, 290, 290, 325, 455, 475, 220, 220, 515, 375, 300, 485, 330, 475, 600, 540, 230, 470, 220, 220, 390, 230, 230, 390, 250, 230, 230, 465, 215, 290, 290, 495, 555, 555, 290, 320, 535, 535, 240, 230, 578, 370, 505, 575, 575, 510, 200, 270, 600, 510, 375, 475, 245, 500, 500, 465, 235, 470, 620, 630, 630, 515, 350, 250, 306, 306, 280, 505, 505, 550, 530, 505, 230, 230, 490, 575, 308, 555, 530, 330, 400, 500, 410, 205, 205, 300, 620, 500, 520, 230, 325, 500, 385, 200, 200, 230, 420, 230, 210, 558, 600, 220, 210, 345, 200, 240, 475, 280, 405, 204, 275, 275, 480, 210, 400, 340, 300, 210, 480, 275, 610, 200, 285, 300, 250, 320, 600, 250, 250, 190, 190, 290, 300]"
ghost wolf monocle,N/A,4.2,N/A,"[5, 3, 5, 5, 3]"
gingerbread man,N/A,11.0,N/A,"[15, 6, 15, 8]"
goat leash,N/A,8.63,N/A,"[5, 9, 8, 8, 8, 10, 7, 10, 10, 10, 10, 10, 7, 8, 9, 8, 10, 8, 7, 10, 7, 9, 10, 12, 9, 7, 8, 8, 9, 11, 9, 7, 7, 5, 7, 8, 11, 9, 7, 7, 10, 9, 7, 11, 10, 11]"
goldfish leash,1.0,0.75,[1],"[1, 0.5]"
gourmet dragon claw,4.0,3.72,"[4, 4, 4, 5, 3, 4]","[3, 3, 4, 4, 4, 4, 4, 5, 4, 4, 4, 4, 4, 3, 4, 3, 3, 3]"
green dragon mask,N/A,N/A,N/A,N/A
green floaty balloon,N/A,50.0,N/A,[50]
green pet apatoceratops,N/A,N/A,N/A,N/A
green pet apatodon,N/A,N/A,N/A,N/A
green pet apatos rex,N/A,3.5,N/A,"[3, 4]"
green pet apatosaurus,N/A,N/A,N/A,N/A
green pet pteranodon,N/A,N/A,N/A,N/A
green pet pteranus rex,N/A,5.0,N/A,[5]
green pet pteratops,N/A,N/A,N/A,N/A
green pet pterosaurus,N/A,6.0,N/A,[6]
green pet triceradon,5.0,N/A,[5],N/A
green pet triceratops,N/A,4.5,N/A,"[10, 3, 3, 4, 4, 3]"
green pet tricerus rex,N/A,8.0,N/A,[8]
green pet tripatosaurus,N/A,3.0,N/A,"[3, 3, 3, 3, 3, 3, 3]"
green pet tyrannosaurus,N/A,N/A,N/A,N/A
green pet tyranodon,N/A,N/A,N/A,N/A
green pet tyranopatos,N/A,20.0,N/A,[20]
green pet tyranotops,N/A,N/A,N/A,N/A
grey pet apatoceratops,N/A,N/A,N/A,N/A
grey pet apatodon,N/A,N/A,N/A,N/A
grey pet apatos rex,N/A,N/A,N/A,N/A
grey pet apatosaurus,N/A,5.0,N/A,[5]
grey pet pteranodon,6.0,N/A,"[6, 6]",N/A
grey pet pteranus rex,N/A,8.09,N/A,"[10, 5, 5, 10, 15, 5, 10, 12, 8, 5, 4]"
grey pet pteratops,N/A,N/A,N/A,N/A
grey pet pterosaurus,N/A,N/A,N/A,N/A
grey pet triceradon,N/A,N/A,N/A,N/A
grey pet triceratops,20.0,5.0,[20],"[5, 3, 5, 4, 6, 4, 4, 10, 4]"
grey pet tricerus rex,N/A,4.0,N/A,[4]
grey pet tripatosaurus,N/A,N/A,N/A,N/A
grey pet tyrannosaurus,N/A,N/A,N/A,N/A
grey pet tyranodon,N/A,3.0,N/A,[3]
grey pet tyranopatos,N/A,3.4,N/A,"[2, 6, 2, 2, 3, 6, 4, 2, 4, 5, 3, 2, 2, 4, 4]"
grey pet tyranotops,N/A,N/A,N/A,N/A
growtronic food replicator,N/A,700.0,N/A,"[600, 520, 780, 600, 600, 750, 750, 850, 750, 800, 800, 550, 750]"
grumpy pet pineapple,N/A,143.43,N/A,"[150, 100, 135, 160, 170, 130, 178, 150, 130, 130, 145, 150, 150, 130]"
haunted pants,N/A,3.18,N/A,"[3, 2, 4, 3, 4, 5, 2, 2, 3, 3, 4]"
haunted synthoid,9.0,11.17,[9],"[9, 7, 9, 10, 12, 13, 10, 10, 13, 15, 13, 13]"
hermit crab leash,N/A,32.0,N/A,"[40, 40, 15, 25, 40]"
hilarious honker,N/A,15.21,N/A,"[17, 25, 12, 8, 10, 10, 17, 11, 17, 17, 13, 25, 20, 20, 16, 16, 30, 10, 10, 10, 17, 11, 11, 12]"
home made butter lamb,240.0,273.33,[240],"[270, 285, 260, 270, 270, 270, 270, 285, 280]"
hotpants,N/A,N/A,N/A,N/A
hovernator drone - black,N/A,N/A,N/A,N/A
hovernator drone - golden,N/A,N/A,N/A,N/A
hovernator drone - red,N/A,N/A,N/A,N/A
hovernator drone - white,N/A,2.0,N/A,[2]
huginn and muninn - odin's ravens,N/A,N/A,N/A,N/A
ice calf leash,2.0,2.71,"[2, 2]","[2, 3, 2, 3, 2, 3, 3, 3, 3, 4, 2, 2, 2, 3, 3, 3, 3]"
ice dragon hand,41.5,91.54,"[3, 80]","[110, 115, 70, 70, 120, 120, 120, 50, 100, 85, 120, 120, 120, 130, 40, 120, 130, 35, 90, 130, 35, 125, 90, 130, 120, 35, 50, 120, 120, 120, 120, 31, 110, 130, 35, 32, 70, 70, 90, 33, 105, 35, 95, 95, 100, 90, 130, 110, 33, 135, 3, 3, 31, 130, 90, 120, 110, 75, 110, 38, 130, 35, 120, 130, 130, 90, 110, 130, 120, 50, 95, 130, 85, 125, 125, 33, 80, 105, 110]"
irish wolfhound,8.0,10.69,"[8, 8]","[13, 2, 12, 10, 11, 20, 8, 10, 12, 8, 8, 9, 16, 10, 12, 10]"
jackbowe's koala,230.0,255.45,[230],"[230, 220, 285, 285, 250, 235, 270, 230, 230, 335, 240]"
jin chan leash,N/A,2.44,N/A,"[2, 2, 3, 2, 3, 2, 2, 3, 2, 2, 2, 3, 2, 3, 3, 3]"
king of hearts,N/A,20.39,N/A,"[25, 20, 21, 10, 10, 30, 20, 22, 22, 20, 20, 22, 15, 22, 15, 22, 20, 30, 21, 25, 20, 20, 17]"
kite,N/A,19.38,N/A,"[20, 3, 25, 3, 35, 22, 25, 22]"
koi fish leash,N/A,16.04,N/A,"[10, 10, 8, 20, 8, 15, 10, 30, 10, 10, 10, 15, 10, 15, 8, 7, 15, 10, 10, 20, 32, 43, 45, 15, 15]"
ladybug leaf,N/A,1.77,N/A,"[2, 2, 1, 1, 2, 2, 2, 2, 1, 2, 2, 2, 2]"
leashed silkworm - aqua,N/A,35.0,N/A,[35]
leashed silkworm - black,N/A,28.5,N/A,"[29, 30, 30, 27, 29, 28, 28, 28, 28, 28, 28, 29]"
leashed silkworm - blue,N/A,N/A,N/A,N/A
leashed silkworm - green,N/A,30.0,N/A,"[30, 30]"
leashed silkworm - grey,26.0,29.88,[26],"[29, 30, 31, 29, 28, 31, 32, 29]"
leashed silkworm - purple,N/A,29.5,N/A,"[29, 30, 28, 30, 30, 30]"
leashed silkworm - red,30.0,29.4,[30],"[29, 30, 29, 30, 29]"
leashed silkworm - white,N/A,28.71,N/A,"[28, 30, 28, 30, 29, 28, 28]"
leashed silkworm - yellow,N/A,26.5,N/A,"[28, 25]"
legendary owl,N/A,N/A,N/A,N/A
lil' sheepers,368.57,547.4,"[5, 540, 5, 550, 520, 460, 500]","[525, 570, 510, 525, 525, 540, 530, 540, 540, 550, 530, 550, 520, 560, 560, 570, 550, 550, 550, 600, 480, 530, 550, 570, 530, 550, 515, 570, 560, 560, 530, 550, 570, 525, 550, 480, 570, 570, 530, 560, 525, 580, 580, 600, 550, 560, 560, 560, 560, 560, 550, 520, 560, 550, 520, 600, 560, 530, 550, 530, 580, 580, 580, 520, 540, 500, 550, 500, 500, 550, 600, 525, 525, 570, 570, 530, 580]"
lion taming whip,7.38,11.53,"[8, 4, 8, 10, 5, 11, 11, 5, 8, 10, 1, 10, 5]","[17, 10, 15, 15, 15, 20, 10, 10, 5, 20, 15, 4, 10, 20, 2, 4, 4]"
living dead remote,202.0,253.75,"[180, 210, 220, 220, 180]","[240, 240, 275, 300, 275, 220, 220, 260]"
lobster leash,N/A,18.0,N/A,"[18, 18]"
lovebird pendant,1.0,2.72,[1],"[3, 2, 1, 2, 3, 3, 2, 3, 3, 2, 3, 2, 4, 2, 3, 2, 3, 3, 3, 2, 3, 3, 4, 3, 2, 3, 2, 3, 2, 2, 4, 5]"
lucky pendant,48.0,N/A,[48],N/A
magic reindeer bell,650.0,688.33,"[550, 750]","[700, 700, 650, 850, 530, 700]"
magical carrot,19.38,N/A,"[19, 17, 18, 18, 18, 23, 22, 20]",N/A
magnifying glass,20.0,21.89,[20],"[25, 20, 25, 20, 31, 25, 20, 29, 20, 25, 30, 25, 17, 3, 30, 4, 20, 25, 35, 3, 45, 25, 25, 25, 20, 18, 20, 30, 10, 10, 18, 30, 20, 23, 20, 30, 3, 3, 30, 25, 30, 16, 29, 23, 25]"
mahi mahi leash,N/A,N/A,N/A,N/A
maidmare,0.0,1.06,[0.002],"[0.5, 1, 1, 1, 1, 2, 1, 1, 2, 1, 1, 1, 1, 0.5, 1, 1, 1, 0.5, 1, 1, 1, 1, 1, 1, 0.5, 2, 2, 2, 2, 1, 2, 1, 1, 0.5, 2, 1, 1, 0.3333333333333333, 0.5, 0.5, 1, 1, 0.5, 0.5, 1, 2, 1, 1, 1, 1, 1, 2, 1, 1, 0.5, 1, 0.5, 0.5]"
man u cleats,N/A,N/A,N/A,N/A
marshmallow basket,372.5,517.33,"[360, 400, 350, 380]","[550, 500, 520, 550, 520, 500, 600, 520, 600, 430, 520, 500, 450, 500, 500]"
mechanical butler,233.0,283.0,"[175, 250, 260, 250, 230]","[290, 280, 280, 285, 270, 270, 285, 285, 285, 300, 300, 260, 290, 275, 265, 260, 270, 300, 285, 280, 300, 280, 280, 310, 290]"
mickeymay leash,301.0,312.13,"[300, 300, 290, 300, 300, 300, 300, 310, 310, 300]","[310, 300, 300, 310, 305, 305, 295, 310, 320, 307, 300, 330, 310, 320, 320, 325, 320, 300, 325, 330, 320, 315, 300, 309, 300, 320, 300, 300, 310, 320, 330, 320, 300, 325, 310, 310, 315, 315, 330, 305, 305, 320, 325, 325, 300, 340, 330, 310, 310, 290, 300, 300, 310, 300, 315, 315, 340, 330, 305, 320, 300, 320, 310, 300, 300, 325, 300, 300, 318, 295, 310, 315, 309, 290, 310, 310, 320, 315, 325]"
mid-pacific owl,N/A,11.86,N/A,"[6, 10, 10, 30, 9, 8, 10]"
mini growtopian,4.06,5.35,"[4, 5, 5, 5, 3, 5, 3, 5, 3, 4, 6, 2, 4, 4, 1, 3, 1, 4, 4, 5, 3, 4, 5, 4, 3, 6, 5, 4, 5, 5, 4, 4, 5, 5]","[4, 4, 3, 5, 5, 3, 5, 4, 5, 4, 6, 5, 6, 6, 8, 7, 4, 5, 5, 3, 8, 6, 6, 4, 5, 5, 8, 5, 6, 5, 5, 8, 8, 8, 3, 6, 5, 7, 10, 7, 5, 5, 10, 5, 10, 5, 7, 4, 3, 4, 5, 5, 5, 4, 4, 5, 5, 6, 6, 5, 7, 7, 5, 6, 4, 4, 7, 4, 4, 4, 5, 4, 5, 8, 5, 6, 5, 10, 8, 8, 3, 5, 5, 5, 5, 5, 4, 6, 2, 3, 5, 5, 5, 8, 4, 3, 4, 7, 4, 5, 3, 10, 5, 2, 6, 4, 6, 6, 4, 3, 5, 4, 5, 4, 7, 7, 6]"
mini mallard,N/A,42.07,N/A,"[40, 43, 40, 40, 40, 38, 41, 41, 42, 50, 43, 50, 40, 41]"
mini mammoth leash,15.0,27.91,[15],"[20, 20, 20, 30, 32, 30, 32, 33, 30, 30, 30]"
mini-peng,N/A,1.0,N/A,"[1, 1]"
mini-you,N/A,N/A,N/A,N/A
moose cap,4.0,7.58,"[3, 3, 2, 3, 5, 2, 4, 6, 4, 7, 5]","[3, 2, 12, 4, 5, 6, 10, 6, 8, 16, 10, 6, 6, 5, 7, 7, 7, 6, 8, 17, 6, 13, 8, 7, 6, 6]"
mr. narwhal leash,N/A,3.5,N/A,"[3, 3, 3, 5, 3, 3, 5, 3]"
muddy pants,975.0,843.21,"[950, 1050, 950, 950]","[1130, 10, 1180, 1180, 1100, 1150, 12, 1050, 1160, 1160, 11, 1160, 1140, 1150, 1140, 1140, 1125, 11, 12]"
my pet sputnik,N/A,24.71,N/A,"[25, 25, 27, 20, 25, 25, 25, 25, 25, 20, 30, 22, 27, 25]"
mysterious synthoid,N/A,88.83,N/A,"[80, 88, 85, 100, 80, 100]"
nano nurse bot,390.0,394.74,"[390, 390]","[330, 330, 460, 350, 420, 335, 470, 400, 475, 410, 420, 350, 400, 400, 400, 350, 420, 400, 380]"
nekorei's fluffy micio,N/A,N/A,N/A,N/A
nightmare magnifying glass,N/A,3.36,N/A,"[4, 2, 4, 5, 2, 3, 4, 3, 3, 3, 2, 3, 3, 5, 2, 2, 5, 4, 4, 3, 3, 3, 3, 4, 3, 3, 3, 5, 5, 3, 3, 3, 3, 5, 4, 3, 4, 2, 3, 4, 4, 3, 3, 3]"
onisim's genie,N/A,400.0,N/A,"[20, 15, 15, 1550]"
owlbeard,N/A,N/A,N/A,N/A
panda leash,322.65,343.92,"[450, 280, 460, 285, 350, 300, 280, 430, 280, 270, 270, 260, 290, 310, 350, 320, 300]","[275, 450, 430, 500, 310, 275, 290, 460, 320, 310, 500, 320, 350, 295, 300, 275, 320, 330, 285, 3, 3, 480, 300, 280, 280, 280, 490, 280, 330, 260, 260, 450, 320, 320, 280, 330, 500, 485, 485, 320, 320, 360, 360, 450, 523, 500, 3, 320, 310, 295, 315, 280, 300, 300, 300, 320, 315, 550, 490, 490, 305, 3, 500, 500, 300, 500, 350, 295, 450, 295, 500, 480, 310, 280, 280, 280, 300, 460, 350]"
parrot dude,35.0,37.53,"[35, 35, 35, 35, 35]","[38, 27, 40, 40, 35, 35, 35, 35, 35, 30, 35, 40, 40, 38, 50, 50, 35]"
party fowl,20.0,N/A,[20],N/A
pegasus,120.0,95.21,"[10, 230]","[9, 0.1, 170, 15, 15, 8, 170, 270, 270, 25]"
penguin leash,10.33,12.03,"[10, 10, 11]","[11, 9, 11, 10, 15, 10, 20, 9, 10, 10, 15, 15, 15, 15, 10, 11, 10, 0.1, 9, 13, 20, 10, 9, 12, 10, 12, 12, 15, 15, 8, 8, 10, 10, 8, 20, 20, 25, 10, 15, 9, 13, 12, 12, 25, 10, 9, 18, 10, 13, 15, 12, 6, 8, 6, 6, 18, 10, 13, 10, 10, 14, 12, 10]"
perilous pirate ship,N/A,156.43,N/A,"[180, 160, 145, 150, 180, 180, 100]"
personal storm cloud,N/A,408.33,N/A,"[450, 375, 420, 405, 405, 370, 450, 440, 360, 410, 400, 415]"
pet bunny,26.5,27.0,"[28, 25]","[30, 18, 30, 35, 25, 30, 30, 23, 26, 30, 28, 30, 27, 23, 25, 24, 30, 30, 35, 25, 25, 25, 20, 25, 25, 30, 25, 27]"
pet burrito,2.0,3.0,"[2, 2]","[3, 3, 3, 3, 3, 3, 3, 3, 3, 3, 3, 3, 3, 3, 3, 3, 3, 3, 3, 3, 3, 3, 3, 3, 3, 3, 3, 3, 3, 3, 3, 3, 3, 3, 3, 3, 3, 3, 3]"
pet egg,70.0,85.0,[70],"[90, 70, 80, 100]"
pet fox,503.0,877.27,"[9, 900, 600]","[870, 850, 825, 900, 825, 860, 835, 850, 910, 950, 915, 920, 870, 870, 880, 810, 900, 1000, 900, 800, 850, 910]"
pet frog,0.92,1.05,"[0.5, 0.04, 0.3333333333333333, 0.5, 0.5, 2, 3, 0.5]","[0.5, 0.5, 0.5, 1, 1, 1, 0.5, 2, 1, 1, 2, 1, 1, 1, 1, 1, 1, 1, 1, 0.5, 1, 1, 1, 0.5, 1, 0.3333333333333333, 2, 0.3333333333333333, 0.5, 1, 1, 1, 1, 1, 1, 1, 2, 1, 0.5, 1, 0.5, 0.5, 1, 1, 1, 1, 2, 1, 1, 1, 1, 1, 2, 2, 2, 0.5, 1, 1, 1, 2, 1, 1, 1, 1, 2, 1, 2, 2, 0.5, 0.3333333333333333, 1, 1, 1, 2, 0.5, 1, 1, 1, 1, 0.5, 1, 1, 2, 1, 1, 1, 2, 2, 2, 1, 1, 0.6666666666666666, 1, 1, 1, 1, 1, 2, 1, 1, 0.5, 1, 2, 2, 1, 0.5, 1, 1, 1, 2, 1, 1, 1, 2, 1, 0.5, 1, 1, 1, 1, 2, 1, 0.5, 1, 0.5, 2, 1, 1, 1, 2, 1, 0.5, 0.5, 0.3333333333333333, 1, 1, 1, 1, 1, 2, 2, 0.5, 2, 0.25, 1, 1, 1, 1, 1, 1, 1, 1, 1, 1, 1, 1, 1, 1, 1, 1, 1, 1, 1, 1, 1, 1, 1, 1, 2, 1, 1, 0.5, 2, 1, 0.5, 1, 1, 1, 0.5, 2, 1, 1, 1, 1, 1, 0.5, 1, 1, 1, 1, 0.5, 1, 1, 1, 2, 1, 0.5, 1, 1, 1, 1, 2, 1, 1, 1, 0.5, 1, 1, 0.5, 0.7, 1, 1, 1, 1, 1, 1, 0.5, 0.5, 0.5, 2, 2, 0.5, 0.5, 0.5, 1, 1, 1, 0.5, 1, 1, 1, 1, 1, 1, 1, 1, 1, 1, 1, 2, 1, 1, 1, 1, 1, 1, 1, 1, 0.8333333333333334, 1]"
pet leprechaun,1.0,1.64,"[1, 1]","[1, 1, 2, 1, 1, 1, 2, 2, 2, 2, 2, 2, 2, 2, 2, 2, 2, 2, 1, 2, 1, 1, 2, 2, 2, 2, 2, 2, 1, 1, 2, 2, 1, 1, 2, 2, 1, 1, 2, 2, 1, 1, 2, 1, 2, 1, 3]"
pet pidgeon,15.0,15.33,[15],"[13, 15, 13, 13, 20, 15, 14, 20, 15, 15, 13, 12, 15, 14, 12, 15, 15, 17, 17, 13, 25, 15, 15, 19, 12, 20, 20, 15, 12, 16, 20, 15, 15, 15, 15, 10, 15, 9, 13, 14, 17, 15, 18, 10, 15, 20, 16, 12, 20, 15, 13, 15, 18, 20, 13]"
pet pink crocodile,20.25,1175.37,"[20, 21, 20, 20]","[31, 31, 3200, 25, 35, 2350, 2350, 34, 2700, 65, 21, 2000, 3600, 21, 35, 40, 2215, 2360, 26, 26, 29, 29, 2495, 2495, 3600, 3600, 2300, 22, 36, 36, 24, 50, 2200, 3280, 3200, 29, 37, 37]"
pet punching ghost,508.26,582.66,"[9, 840, 400, 500, 4, 550, 500, 500, 500, 810, 540, 700, 900, 850, 550, 500, 600, 400, 4]","[530, 500, 560, 520, 430, 450, 935, 550, 430, 530, 530, 530, 900, 430, 440, 430, 510, 460, 415, 415, 570, 570, 555, 555, 420, 8, 560, 560, 550, 550, 955, 600, 6, 950, 950, 530, 540, 910, 470, 980, 580, 470, 950, 945, 480, 600, 450, 450, 850, 550, 450, 450, 510, 700, 480, 800, 550, 440, 650, 450, 910, 910, 450, 460, 460, 8, 8, 380, 900, 900, 650, 480, 580, 450, 450, 425, 420, 580, 520, 525, 550, 550, 940, 720, 450, 4, 410, 410, 630, 980, 420, 780, 580, 930, 550, 905, 600, 425, 820, 9, 800, 800, 700, 560, 560, 480, 570, 570, 950, 9, 570, 550, 550, 550, 450, 500, 920, 860, 860, 8, 830, 930, 550, 550, 550, 420, 500, 500, 800, 800, 460, 9, 940, 760, 900, 10, 650, 425, 535, 450, 430, 920, 920, 550, 830, 9, 9, 540, 760, 760, 800, 700, 570, 700, 415, 540, 650, 650, 800, 920, 850, 450, 950, 950, 770, 420, 950, 720, 900, 430, 430, 550, 535, 530, 580, 850, 830, 500, 7, 600]"
pet rock,N/A,1.78,N/A,"[3, 2, 2, 1, 1, 2, 2, 2, 2, 2, 2, 1, 2, 2, 2, 2, 2, 2, 1, 2, 2, 1, 2, 1, 1, 1, 3]"
pet royal guard,5.6,474.12,"[8, 3, 5, 9, 4, 5, 3, 4, 9, 6]","[4, 500, 500, 350, 1200, 750, 500, 900, 380, 500, 390, 8, 600, 600, 600, 690, 690, 450, 450, 900, 6, 500, 5, 1250, 500, 480, 480, 410, 420, 480, 370, 700, 500, 15, 18, 450, 900, 7, 370, 9, 400, 550, 500, 500, 500, 500, 435, 460, 500, 1100, 4, 450, 360, 850, 9, 400, 675]"
pet slime,17.21,24.77,"[25, 18, 16, 17, 13, 25, 14, 27, 15, 19, 15, 12, 30, 18, 14, 14, 12, 18, 12, 18, 18, 17, 0.045454545454545456, 14, 14, 18, 15, 13, 19, 20, 20, 20, 16, 18, 35, 18, 18, 16, 19, 15, 17, 16, 17, 20, 20, 13, 20, 12, 18, 17, 18, 21, 18, 20, 14, 14, 20, 13, 15, 15, 17]","[18, 20, 20, 20, 16, 19, 20, 20, 17, 20, 20, 15, 20, 20, 20, 24, 75, 20, 20, 16, 30, 20, 19, 20, 20, 20, 75, 25, 17, 19, 19, 20, 25, 18, 20, 20, 20, 25, 13, 19, 19, 25, 20, 20, 65, 18, 18, 18, 27, 20, 17, 10, 20, 30, 20, 18, 18, 18, 20, 23, 18, 20, 20, 25, 20, 23, 70, 17, 18, 18, 18, 17, 65, 13, 25, 25, 25, 16, 28, 19, 18, 25, 20, 22, 20, 20, 20, 20, 17, 20, 20, 22, 20, 20, 20, 21, 16, 20, 20, 17, 17, 20, 75, 65, 65, 19, 19, 27, 20, 25, 25, 33, 20, 22, 20, 16, 21.0, 19, 70, 20, 20, 19, 19, 17, 25, 25, 28, 18, 19, 17, 17, 18, 19, 20, 25, 25, 65, 20, 20, 20, 19, 19, 20, 70, 21, 21, 21, 22, 19, 20, 21, 70, 20, 20, 20, 17, 20, 15, 20, 20, 22, 21, 18, 20, 20, 17, 21, 22, 20, 20, 17, 20, 20, 21, 15, 45, 20, 20, 20, 20, 21, 19, 23, 55, 55, 18, 18, 75, 50, 14, 17, 16, 22, 22, 19, 20, 20, 19, 12, 16, 20, 20, 20, 27, 20, 27, 20, 19, 23, 15, 19, 40, 45, 3, 35, 20, 20, 80, 19, 19, 60, 20, 17, 55, 55, 20, 20, 16, 25, 17, 30, 30, 30, 19, 19, 20, 20, 20, 14, 17, 25, 25, 70, 19, 20, 28, 20, 20, 15, 16, 18, 18, 20, 20, 21, 15, 23, 20, 19, 19, 18, 16, 19, 25, 20, 20, 20, 20, 23, 20, 20, 20, 20, 17, 22, 22, 20, 20, 20, 25, 23, 20, 17, 20, 3, 22, 20, 20, 70, 19, 19, 75, 50, 50, 18, 18, 18, 70, 20, 20, 1, 23, 18, 19, 20, 20, 15, 20, 20, 20, 20, 19, 19, 60, 80, 21, 20, 20, 20, 20, 27, 22, 20, 20, 23, 20, 20, 20, 75, 20, 17, 15, 25, 70, 17, 17, 21, 15, 18, 18, 17, 22, 25, 20, 13, 20, 18, 18, 15, 20, 19, 18, 20, 20, 65, 22, 19, 19, 21, 21, 21, 19, 25, 15, 20, 20, 15, 65, 17, 28, 21, 70, 20, 18, 19, 70, 20, 20, 17, 16, 21, 21, 68, 15, 70, 20, 90, 80, 70, 20, 20, 20]"
pet sock,240.0,288.27,"[250, 210, 260]","[290, 270, 280, 500, 300, 400, 270, 270, 270, 300, 380, 275, 270, 260, 220, 250, 280, 270, 235, 280, 280, 280, 270, 270, 270, 250, 265, 220, 230, 240, 270, 500, 500, 280, 250, 280, 250, 250, 280, 280, 270, 250, 280, 270, 220, 300, 300, 400, 400, 230, 250, 260, 270, 300, 270]"
pet teacup,50.0,91.88,[50],"[90, 95, 95, 90, 95, 90, 90, 90]"
pet toucan,30.0,35.44,"[35, 25]","[33, 33, 40, 40, 35, 35, 40, 35, 24, 25, 40, 35, 40, 35, 35, 40, 40, 30, 35, 33, 45, 33, 35, 40, 25, 35, 35, 35, 40, 40, 40, 25, 35, 30, 30, 35, 40, 32, 25, 33, 35, 30, 40, 35, 35, 40, 35, 35, 33, 30, 35, 38, 38, 40, 35, 40, 30, 35, 38, 35, 35, 30, 40, 40, 35, 40, 40, 40, 35, 45, 33]"
pet turtle,13.33,8.53,"[25, 8, 7]","[9, 10, 7, 8, 10, 9, 10, 10, 8, 7, 10, 7, 10, 12, 10, 9, 8, 10, 5, 7, 10, 7, 10, 7, 8, 10, 10, 12, 5, 9, 8, 8, 10, 7, 7, 7, 8, 7, 10, 8, 8, 10, 5, 10, 10, 8, 8, 6, 8, 8, 10]"
phlogiston,305.0,327.36,"[310, 300]","[290, 380, 350, 300, 300, 400, 320, 370, 300, 300, 430, 360, 360, 300, 290, 390, 290, 300, 370, 300, 300, 280, 300, 370, 360, 385, 330, 330, 280, 310, 300, 310, 300, 370, 280, 280]"
phoenix pacifier,6500.0,2719.17,[6500],"[71, 65, 65, 64, 9750, 6300]"
picasso triggerfish leash,N/A,N/A,N/A,N/A
pigeon,N/A,13.56,N/A,"[13, 15, 15, 12, 15, 15, 15, 12, 10]"
piglet leash,372.2,715.81,"[9, 10, 9, 2, 2, 10, 1000, 880, 900, 900]","[1150, 10, 1100, 800, 1080, 9, 980, 910, 1050, 1050, 950, 960, 890, 120, 970, 970, 970, 11, 950, 1030, 820, 1050, 1050, 7, 10, 750, 900, 900, 950, 1090, 900, 950, 950, 1090, 10, 10, 10, 10, 1050, 10, 920, 1130, 1130, 1070, 900, 950, 980, 1050, 11, 1000, 1000, 10, 11, 10, 10, 11, 900, 950, 1150, 840, 950, 920]"
pinata pal,22.67,223.33,"[5, 3, 120, 2, 3, 3]","[190, 300, 180]"
pineapple finger ring,1.0,1.89,[1],"[1, 2, 2, 1, 2, 1, 2, 1, 2, 2, 1, 1, 3, 2, 2, 4, 4, 2, 1]"
pineapple fish leash,40.0,N/A,[40],N/A
pineapple kite,2.0,2.3,[2],"[2, 3, 1, 2, 1, 5, 3, 2, 2, 2]"
pineapple superhero,N/A,452.92,N/A,"[400, 400, 500, 450, 560, 400, 400, 450, 450, 450, 555, 420]"
playful fire sprite,N/A,N/A,N/A,N/A
playful water sprite,N/A,9.67,N/A,"[10, 10, 9]"
playful wind sprite,N/A,5.0,N/A,[5]
polar bear leash,28.0,34.15,[28],"[50, 35, 30, 32, 40, 40, 32, 30, 35, 20, 20, 45, 45, 35, 35, 25, 40, 48, 25, 25, 32, 43, 30, 35, 30, 31]"
pontianak pet,358.83,460.21,"[15, 300, 450, 15, 350, 450, 670, 6, 670, 350, 650, 380]","[540, 520, 400, 500, 530, 395, 350, 430, 360, 550, 360, 415, 550, 400, 500, 560, 450, 395, 390, 490, 430, 500, 500, 530]"
prehistoric dragon claw,2.83,3.61,"[2, 4, 3, 4, 3, 1]","[3, 5, 3, 3, 5, 2, 3, 4, 4, 3, 5, 2, 4, 4, 4, 3, 3, 3, 3, 5, 5, 4, 4, 4, 3, 4, 4, 4, 3, 3, 3, 3, 4, 4, 2, 5]"
puddy leash,1450.0,700.18,[1450],"[1610, 15, 1530, 1540, 1610, 1610, 1610, 1550, 1600, 16, 17, 17, 15, 1650, 18, 15, 16, 1595, 15, 15, 15, 17, 1530, 16, 16, 1580, 15, 16, 1550, 16, 16, 1590, 17, 17, 1530, 16, 1600, 1670, 16]"
puggly,N/A,851.26,N/A,"[1060, 11, 12, 1050, 1080, 10, 1150, 1120, 1150, 1200, 11, 1125, 1300, 1300, 1200, 1150, 15, 1150, 1080]"
puppy leash,502.25,1162.74,"[19, 1950, 21, 19]","[23, 23, 23, 2250, 20, 2250, 2250, 2250, 2250, 22, 20, 20, 24, 2250, 2350, 20, 2050, 25, 23, 2180, 2250, 2120, 2050]"
purple shore crab leash,N/A,7.0,N/A,[7]
raccoon leash,73.0,78.61,"[75, 75, 75, 75, 65, 75, 70, 75, 75, 70]","[70, 75, 80, 75, 75, 80, 80, 80, 75, 80, 80, 78, 80, 80, 75, 85, 80, 80, 70, 78, 81, 75, 75, 70, 80, 80, 80, 80, 85, 70, 80, 80, 80, 80, 75, 80, 85, 85, 90, 75, 83, 75, 80, 90, 80, 75, 75, 85, 85, 75, 80, 80, 80, 70, 70, 80, 75, 80, 70, 78, 82, 85, 75, 70, 70, 80, 80, 80, 80, 80, 90, 80]"
radioactive synthoid,N/A,70.0,N/A,[70]
rainbow kite,15.0,25.0,"[15, 15]","[25, 25, 25, 25, 25, 25]"
rainbowfish leash,N/A,17.5,N/A,"[25, 15, 15, 15]"
rayman's fist,N/A,N/A,N/A,N/A
really dangerous pet llama,N/A,N/A,N/A,N/A
reanimator remote,65.56,66.33,"[50, 65, 90, 70, 60, 80, 60, 60, 55]","[75, 85, 80, 70, 75, 80, 85, 70, 80, 55, 50, 50, 60, 40, 50, 70, 35, 75, 82, 60, 60, 70, 55, 80]"
red floaty balloon,N/A,50.0,N/A,[50]
red pet apatoceratops,N/A,N/A,N/A,N/A
red pet apatodon,N/A,2.0,N/A,[2]
red pet apatos rex,N/A,5.0,N/A,"[6, 3, 6, 6, 4]"
red pet apatosaurus,N/A,N/A,N/A,N/A
red pet pteranodon,N/A,6.6,N/A,"[5, 4, 4, 15, 5]"
red pet pteranus rex,13.0,10.0,"[13, 13]","[9, 11, 10, 10, 10]"
red pet pteratops,N/A,N/A,N/A,N/A
red pet pterosaurus,N/A,17.0,N/A,"[4, 30]"
red pet triceradon,N/A,N/A,N/A,N/A
red pet triceratops,N/A,7.0,N/A,[7]
red pet tricerus rex,N/A,1.0,N/A,[1]
red pet tripatosaurus,N/A,N/A,N/A,N/A
red pet tyrannosaurus,N/A,5.67,N/A,"[8, 6, 6, 6, 2, 8, 6, 8, 1]"
red pet tyranodon,N/A,N/A,N/A,N/A
red pet tyranopatos,N/A,4.63,N/A,"[7, 5, 7, 2, 2, 2, 5, 5, 10, 6, 2, 5, 3, 5, 2, 4, 4, 4, 10, 5, 3, 4, 5, 10, 5, 5, 3, 5, 3, 3, 4, 10, 4, 3, 5, 5, 5, 4, 5, 5, 2, 3, 3, 6, 5, 5, 2, 3, 4, 7, 5, 5]"
red pet tyranotops,N/A,N/A,N/A,N/A
reindeer bell,530.0,580.81,[530],"[10, 910, 1050, 700, 7, 600, 600, 6, 800, 800, 600, 530, 830, 600, 450, 800]"
retro magnifying glass,20.0,26.67,"[20, 20]","[30, 20, 30]"
rhino horn,274.0,319.67,"[250, 290, 310, 240, 280]","[300, 310, 380, 300, 380, 300, 305, 290, 290, 340, 400, 340, 300, 280, 280]"
riding skeletal shark,N/A,35.0,N/A,[35]
royal alpha wolf,372.5,597.14,"[5, 530, 555, 400]","[670, 585, 640, 625, 560, 660, 550, 650, 700, 580, 550, 500, 500, 590]"
sand shark leash,1.0,2.62,[1],"[2, 2, 4, 2, 2, 6, 2, 1]"
scarecrow pet,250.0,279.09,[250],"[290, 250, 300, 260, 290, 300, 290, 250, 290, 260, 290]"
scepter of the honor guard,40.0,43.75,"[40, 40]","[35, 50, 50, 35, 37, 45, 50, 48]"
seahorse leash,N/A,19.44,N/A,"[17, 15, 7, 25, 25, 25, 25, 40, 10, 20, 25, 2, 25, 12, 13, 25]"
shadow spirit of the underworld,N/A,865.0,N/A,[865]
shadow wolf leash,N/A,N/A,N/A,N/A
shady agent shades,170.0,157.5,[170],"[180, 165, 170, 160, 130, 160, 160, 140, 140, 160, 175, 130, 155, 180]"
skeletal dragon claw,N/A,98.22,N/A,"[150, 95, 110, 90, 90, 85, 105, 90, 85, 85, 85, 110, 93, 115, 115, 88, 90, 87, 95, 85, 85, 90, 90, 95, 80, 90, 92, 150, 120, 92, 90, 95, 80, 110, 110, 90, 105, 88, 150, 80, 80, 125, 85, 85, 120, 90, 90, 100, 75, 150, 150, 83, 150, 88, 88, 90, 100, 90, 100, 90, 76, 90, 120, 95, 100, 86, 93, 93, 100, 90, 83, 100, 85]"
skeletal shark leash,2.0,5.88,[2],"[8, 4, 5, 5, 8, 7, 5, 3, 5, 5, 5, 8, 8, 5, 5, 7, 7]"
snow cone pet,34.0,40.29,"[38, 30]","[38, 45, 45, 45, 40, 40, 40, 40, 35, 36, 40, 40, 40, 40, 40, 45, 40, 40, 40, 40, 40, 35, 40, 40, 40, 40, 45, 40, 40, 40, 40]"
snow husky,17.5,17.22,"[17, 18]","[17, 18, 16, 17, 15, 18, 20, 20, 20, 20, 16, 15, 20, 20, 15, 15, 18, 20, 20, 15, 16, 15, 14, 15, 20, 15, 18, 15, 18, 14, 21, 15]"
sonar bracelet,4.0,2.41,"[4, 4]","[1, 2, 3, 3, 2, 2, 1, 2, 2, 2, 1.0, 2, 2, 2, 2, 3, 2, 3, 3, 2, 2, 3, 3, 3, 2, 2, 2, 5, 1, 2, 3, 2, 2, 2, 1, 3, 2, 2, 5, 5, 2, 3, 3, 3, 2, 2, 3, 2, 3, 2, 3, 2, 2, 2, 3, 3, 2, 2, 2, 2, 2, 2, 2, 3, 3, 3, 5, 2, 3, 2, 2, 2, 2, 3, 4, 3, 2, 3, 3, 2, 2, 2, 2, 2, 2]"
space rover,28.33,46.5,"[30, 30, 25]","[40, 50, 50, 50, 60, 60, 30, 50, 55, 20]"
spiritual resonator,44.33,43.0,"[45, 38, 35, 30, 40, 32, 40, 35, 35, 35, 40, 40, 40, 90, 90]","[40, 40, 40, 40, 45, 49, 45, 45, 50, 42, 50, 40, 40, 35, 60, 40, 40, 40, 40, 40, 35, 35, 37, 45, 50, 40, 40, 57, 35, 35, 55, 40, 40, 34, 45, 38, 50, 38, 38, 45, 50, 50, 40, 50, 50, 40, 40, 45, 45, 45, 45]"
spruce goose,201.88,217.07,"[230, 190, 200, 230, 180, 155, 240, 190]","[205, 290, 290, 210, 205, 230, 190, 200, 225, 190, 235, 180, 205, 220, 225, 225, 190, 235, 220, 220, 220, 200, 180, 210, 250, 200, 200, 200, 200, 240, 160, 190, 260, 180, 200, 220, 240, 205, 235, 200, 240, 190, 260, 240, 235, 240]"
star dragon claw,N/A,8.33,N/A,"[8, 7, 8, 5, 9, 9, 8, 9, 9, 9, 9, 8, 9, 7, 9, 9, 7, 7, 8, 9, 9, 9, 8, 5, 7, 8, 10, 8, 8, 8, 8, 9, 10, 7, 12, 10, 8, 8, 8, 8, 9, 9, 10, 8, 8, 8, 8, 8, 8, 9, 10, 10, 10, 10, 6, 10, 7, 8, 8, 8, 9, 9, 9, 9, 7, 7, 8, 8, 9, 7, 7, 9, 7]"
starfish leash,50.0,73.89,[50],"[60, 65, 85, 70, 65, 60, 90, 90, 80]"
stonefish leash,15.0,25.0,[15],[25]
strawberry slime,N/A,30.1,N/A,"[20, 18, 18, 20, 18, 25, 22, 17, 90, 20, 20, 18, 23, 85, 35, 25, 20, 85, 23, 15, 15]"
summer kite,19.26,23.85,"[25, 25, 20, 14, 20, 20, 15, 15, 20, 20, 15, 20, 20, 20, 20, 20, 17, 20, 20]","[20, 25, 20, 20, 30, 25, 30, 20, 25, 27, 20, 20, 22, 23, 27, 32, 25, 25, 20, 22, 18, 20, 22, 40, 22, 22, 20, 30, 20, 25, 25, 30, 25, 14]"
sunfish leash,N/A,N/A,N/A,N/A
super-dragon mask,4.0,4.45,[4],"[3, 5, 4, 4, 5, 5, 5, 2, 4, 6, 6]"
tainted cheese,18.0,18.09,"[20, 15, 20, 17]","[15, 20, 20, 20, 20, 18, 20, 20, 18, 20, 16, 19, 18, 12, 20, 15, 20, 18, 20, 20, 15, 14]"
tamed looming triffid,N/A,113.33,N/A,"[120, 120, 100]"
the great chameleon: master of disguise,553.18,678.62,"[520, 520, 500, 700, 450, 605, 550, 635, 550, 540, 550, 540, 635, 550, 500, 550, 550, 635, 480, 500, 550, 560]","[615, 600, 640, 640, 550, 730, 650, 700, 680, 750, 750, 635, 635, 635, 700, 650, 630, 650, 650, 750, 550, 570, 650, 600, 600, 700, 800, 575, 800, 800, 750, 605, 600, 750, 750, 590, 850, 850, 650, 730, 730, 650, 700, 650, 595, 750, 600, 480, 700, 770, 770, 650, 750, 600, 600, 600, 750, 750, 600, 750, 700, 650, 750, 600, 690, 650, 650, 650, 650, 600, 765, 765, 700, 600, 650, 650, 630, 600, 750, 750, 670, 750, 695, 630, 650, 700, 800, 700, 600, 700, 650, 660, 750, 600, 730, 615, 670, 780, 630, 615, 625, 750, 650, 750, 750, 750, 800, 630, 765]"
thinking cap,N/A,215.45,N/A,"[230, 220, 190, 210, 230, 230, 230, 185, 235, 220, 190]"
totally legit bunnyfish leash,N/A,21.25,N/A,"[20, 20, 20, 25]"
toucan's bill,N/A,N/A,N/A,N/A
toy lock-bot,N/A,1450.0,N/A,"[1450, 1450, 1450]"
tumbleweed attractor,70.0,133.75,[70],"[130, 125, 150, 130]"
unearthly synthoid,N/A,62.5,N/A,"[50, 75]"
unicorn garland,N/A,16.52,N/A,"[16, 11, 22, 10, 11, 20, 15, 15, 20, 23, 20, 15, 8, 10, 20, 10, 30, 15, 14, 16, 16, 30, 10, 10, 31, 14, 15, 14, 8, 8, 12, 25, 31]"
violet protodrake leash,2.0,N/A,[2],N/A
void egg,N/A,22.0,N/A,[22]
war seahorse,N/A,N/A,N/A,N/A
water spirit necklace,N/A,N/A,N/A,N/A
weird manta ray leash,N/A,5.0,N/A,"[5, 2, 10, 3]"
whale leash,3.0,3.5,[3],"[3, 4]"
winter flu vaccine,2.0,1.77,[2],"[2, 3, 1, 2, 2, 1, 2, 2, 1, 1, 2, 3, 1]"
wolf tamer's glove,N/A,5.13,N/A,"[4, 4, 3, 9, 4, 5, 5, 9, 4, 4, 9, 5, 4, 4, 4]"
world cup cleats,N/A,N/A,N/A,N/A
yeonnalligi,1.0,3.33,[1],"[3, 3, 3, 3, 3, 5]"
yeti leash,13.83,17.42,"[15, 16, 15, 11, 16, 15, 9, 17, 17, 10, 15, 10]","[20, 15, 10, 22, 15, 17, 17, 20, 23, 15, 20, 17, 14, 10, 23, 20, 20, 20, 17, 12, 14, 25, 20, 20, 14, 19, 20, 23, 13, 17, 21, 23, 23, 25, 19, 15, 20, 15, 10, 15, 15, 11, 20, 20, 18, 11, 20, 20, 15, 12, 15, 19, 20, 16, 20, 17, 13, 13, 17, 20, 22, 22, 17, 15, 15, 20, 20, 14, 14, 19, 13, 13, 18, 18, 12, 20, 18, 15, 25, 13, 14, 14, 15, 14, 20, 15, 20, 20, 18, 18, 20, 17, 20, 20, 20, 12, 12, 20, 25, 20, 15, 15]"
zombie hound,9.0,7.0,"[10, 8]","[11, 3]"
zorbnik leash,10.0,23.84,[10],"[14, 30, 12, 22, 15, 15, 20, 30, 20, 15, 24, 25, 20, 40, 40, 25, 22, 20, 0.06666666666666667, 20, 40, 16, 15, 35, 35, 30, 30, 18, 20, 30, 30, 15, 20, 12, 12, 40, 30, 30, 30, 20, 35, 15, 20, 19, 10, 30, 40, 0.07692307692307693, 15, 15, 20, 12, 20, 30, 35, 35, 15, 15, 15, 15, 15, 30, 20, 24, 20, 30, 30, 35, 35, 30, 15, 20, 30, 20, 40, 30, 30, 30, 25, 25, 15, 30, 15, 13, 15, 12, 20, 20, 35, 24, 50, 20, 15, 50, 10, 40, 33, 25, 40, 20]"
